"id","movie_name","box_office","movie_url","details_box_office","genres"
1,Mission: Impossible II,"$546,388,108",/releasegroup/gr891703813/?ref_=bo_ydw_table_1,"[{""Gross"":""$215,409,889"",""Market"":""Domestic"",""Release Date"":""May 24, 2000""},{""Gross"":""$4,224,565"",""Market"":""Austria"",""Release Date"":""Jul 7, 2000""},{""Gross"":""$3,920,548"",""Market"":""Belgium"",""Release Date"":""Jul 26, 2000""},{""Gross"":""$162,162"",""Market"":""Bulgaria"",""Release Date"":""Aug 25, 2000""},{""Gross"":""$275,251"",""Market"":""Croatia"",""Release Date"":""Aug 31, 2000""},{""Gross"":""$200,532"",""Market"":""Cyprus"",""Release Date"":""Sep 15, 2000""},{""Gross"":""$496,343"",""Market"":""Czech Republic/Slovakia"",""Release Date"":""Aug 13, 2000""},{""Gross"":""$1,992,736"",""Market"":""Denmark"",""Release Date"":""Jul 7, 2000""},{""Gross"":""$488,958"",""Market"":""Egypt"",""Release Date"":""Aug 30, 2000""},{""Gross"":""$1,768,008"",""Market"":""Finland"",""Release Date"":""Jul 7, 2000""},{""Gross"":""$21,826,757"",""Market"":""France"",""Release Date"":""Jul 26, 2000""},{""Gross"":""$25,018,930"",""Market"":""Germany"",""Release Date"":""Jul 6, 2000""},{""Gross"":""$2,241,600"",""Market"":""Greece"",""Release Date"":""Oct 27, 2000""},{""Gross"":""$839,598"",""Market"":""Hungary"",""Release Date"":""Jul 6, 2000""},{""Gross"":""$294,907"",""Market"":""Iceland"",""Release Date"":""Jul 14, 2000""},{""Gross"":""$1,962,716"",""Market"":""Israel"",""Release Date"":""Jun 8, 2000""},{""Gross"":""$11,526,238"",""Market"":""Italy"",""Release Date"":""Jul 7, 2000""},{""Gross"":""$146,416"",""Market"":""Kenya"",""Release Date"":""Jul 28, 2000""},{""Gross"":""$430,962"",""Market"":""Lebanon"",""Release Date"":""Jul 27, 2000""},{""Gross"":""$884,849"",""Market"":""Middle East Other"",""Release Date"":""Jul 26, 2000""},{""Gross"":""$4,642,666"",""Market"":""Netherlands"",""Release Date"":""Jul 6, 2000""},{""Gross"":""$2,953,364"",""Market"":""Norway"",""Release Date"":""Jul 7, 2000""},{""Gross"":""$1,551,082"",""Market"":""Poland"",""Release Date"":""Aug 11, 2000""},{""Gross"":""$2,283,426"",""Market"":""Portugal"",""Release Date"":""Jul 14, 2000""},{""Gross"":""$151,052"",""Market"":""Romania"",""Release Date"":""Sep 8, 2000""},{""Gross"":""$256,908"",""Market"":""Slovenia"",""Release Date"":""Aug 24, 2000""},{""Gross"":""$2,113,825"",""Market"":""South Africa"",""Release Date"":""Jun 30, 2000""},{""Gross"":""$12,498,159"",""Market"":""Spain"",""Release Date"":""Jul 7, 2000""},{""Gross"":""$3,383,478"",""Market"":""Sweden"",""Release Date"":""Jul 12, 2000""},{""Gross"":""$4,553,911"",""Market"":""Switzerland"",""Release Date"":""Jul 6, 2000""},{""Gross"":""$2,543,749"",""Market"":""Türkiye"",""Release Date"":""Jun 16, 2000""},{""Gross"":""$26,373,540"",""Market"":""United Kingdom"",""Release Date"":""Jul 7, 2000""},{""Gross"":""$45,244"",""Market"":""Yugoslavia"",""Release Date"":""Aug 25, 2000""},{""Gross"":""$7,057,113"",""Market"":""Argentina"",""Release Date"":""Jun 15, 2000""},{""Gross"":""$8,993,512"",""Market"":""Brazil"",""Release Date"":""Jun 23, 2000""},{""Gross"":""$2,100,000"",""Market"":""Central America"",""Release Date"":""Jul 28, 2000""},{""Gross"":""$1,996,121"",""Market"":""Chile"",""Release Date"":""Jun 15, 2000""},{""Gross"":""$1,559,290"",""Market"":""Colombia"",""Release Date"":""Jun 9, 2000""},{""Gross"":""$10,356,226"",""Market"":""Mexico"",""Release Date"":""Jun 23, 2000""},{""Gross"":""$754,369"",""Market"":""Peru"",""Release Date"":""Jun 29, 2000""},{""Gross"":""$1,493,806"",""Market"":""Venezuela"",""Release Date"":""Jun 21, 2000""},{""Gross"":""$13,164,272"",""Market"":""Australia"",""Release Date"":""Jun 1, 2000""},{""Gross"":""$4,675,113"",""Market"":""Hong Kong"",""Release Date"":""Jun 22, 2000""},{""Gross"":""$2,159,525"",""Market"":""India"",""Release Date"":""Sep 29, 2000""},{""Gross"":""$1,405,402"",""Market"":""Indonesia"",""Release Date"":""Jun 7, 2000""},{""Gross"":""$94,103,715"",""Market"":""Japan"",""Release Date"":""Jul 8, 2000""},{""Gross"":""$1,199,101"",""Market"":""Malaysia"",""Release Date"":""Jun 1, 2000""},{""Gross"":""$1,328,171"",""Market"":""New Zealand"",""Release Date"":""Jun 22, 2000""},{""Gross"":""$2,414,706"",""Market"":""Philippines"",""Release Date"":""Jul 12, 2000""},{""Gross"":""$1,236,089"",""Market"":""Russia/CIS"",""Release Date"":""Jul 7, 2000""},{""Gross"":""$2,013,034"",""Market"":""Singapore"",""Release Date"":""Jun 1, 2000""},{""Gross"":""$13,587,885"",""Market"":""South Korea"",""Release Date"":""Jun 17, 2000""},{""Gross"":""$39,497"",""Market"":""Sri Lanka"",""Release Date"":""Oct 27, 2000""},{""Gross"":""$11,269,024"",""Market"":""Taiwan"",""Release Date"":""Jun 17, 2000""},{""Gross"":""$2,566,627"",""Market"":""Thailand"",""Release Date"":""Jul 14, 2000""},{""Gross"":""$3,453,141"",""Market"":""China"",""Release Date"":""Aug 21, 2000""}]","[""Action"",""Adventure"",""Thriller""]"
2,Gladiator,"$460,583,960",/releasegroup/gr2536067589/?ref_=bo_ydw_table_2,"[{""Gross"":""$187,705,427"",""Market"":""Domestic"",""Release Date"":""May 5, 2000""},{""Gross"":""$2,576,010"",""Market"":""Austria"",""Release Date"":""May 26, 2000""},{""Gross"":""$4,886,833"",""Market"":""Belgium"",""Release Date"":""Jun 21, 2000""},{""Gross"":""$265,958"",""Market"":""Bulgaria"",""Release Date"":""Aug 4, 2000""},{""Gross"":""$278,268"",""Market"":""Croatia"",""Release Date"":""May 18, 2000""},{""Gross"":""$203,539"",""Market"":""Cyprus"",""Release Date"":""May 19, 2000""},{""Gross"":""$818,303"",""Market"":""Czech Republic"",""Release Date"":""May 18, 2000""},{""Gross"":""$3,702,898"",""Market"":""Denmark"",""Release Date"":""May 19, 2000""},{""Gross"":""$569,850"",""Market"":""Egypt"",""Release Date"":""May 31, 2000""},{""Gross"":""$1,362,490"",""Market"":""Finland"",""Release Date"":""May 19, 2000""},{""Gross"":""$24,460,317"",""Market"":""France"",""Release Date"":""Jun 20, 2000""},{""Gross"":""$21,372,982"",""Market"":""Germany"",""Release Date"":""May 25, 2000""},{""Gross"":""$3,585,077"",""Market"":""Greece"",""Release Date"":""Aug 18, 2000""},{""Gross"":""$1,466,127"",""Market"":""Hungary"",""Release Date"":""May 18, 2000""},{""Gross"":""$153,503"",""Market"":""Iceland"",""Release Date"":""May 19, 2000""},{""Gross"":""$2,260,851"",""Market"":""Israel"",""Release Date"":""May 18, 2000""},{""Gross"":""$12,536,779"",""Market"":""Italy"",""Release Date"":""May 19, 2000""},{""Gross"":""$534,145"",""Market"":""Lebanon"",""Release Date"":""Jul 6, 2000""},{""Gross"":""$3,785,076"",""Market"":""Netherlands"",""Release Date"":""May 18, 2000""},{""Gross"":""$1,732,152"",""Market"":""Norway"",""Release Date"":""May 19, 2000""},{""Gross"":""$5,002,439"",""Market"":""Poland"",""Release Date"":""Jul 14, 2000""},{""Gross"":""$1,487,964"",""Market"":""Portugal"",""Release Date"":""May 19, 2000""},{""Gross"":""$129,283"",""Market"":""Romania"",""Release Date"":""Aug 25, 2000""},{""Gross"":""$268,884"",""Market"":""Slovenia"",""Release Date"":""May 18, 2000""},{""Gross"":""$1,669,779"",""Market"":""South Africa"",""Release Date"":""May 19, 2000""},{""Gross"":""$18,256,688"",""Market"":""Spain"",""Release Date"":""May 19, 2000""},{""Gross"":""$5,081,126"",""Market"":""Sweden"",""Release Date"":""May 19, 2000""},{""Gross"":""$3,972,614"",""Market"":""Switzerland"",""Release Date"":""May 25, 2000""},{""Gross"":""$2,640,567"",""Market"":""Türkiye"",""Release Date"":""May 19, 2000""},{""Gross"":""$39,355,679"",""Market"":""United Kingdom""},{""Gross"":""$5,456,763"",""Market"":""Argentina"",""Release Date"":""May 18, 2000""},{""Gross"":""$8,588,676"",""Market"":""Brazil"",""Release Date"":""May 19, 2000""},{""Gross"":""$1,203,554"",""Market"":""Central America"",""Release Date"":""Jun 2, 2000""},{""Gross"":""$1,743,137"",""Market"":""Chile"",""Release Date"":""May 25, 2000""},{""Gross"":""$1,414,288"",""Market"":""Colombia"",""Release Date"":""May 19, 2000""},{""Gross"":""$11,152,492"",""Market"":""Mexico"",""Release Date"":""May 5, 2000""},{""Gross"":""$909,518"",""Market"":""Peru"",""Release Date"":""Jun 1, 2000""},{""Gross"":""$36,393"",""Market"":""Trinidad & Tobago"",""Release Date"":""Jun 15, 2000""},{""Gross"":""$1,268,728"",""Market"":""Venezuela"",""Release Date"":""May 31, 2000""},{""Gross"":""$18,466,914"",""Market"":""Australia""},{""Gross"":""$1,228,209"",""Market"":""Hong Kong"",""Release Date"":""May 25, 2000""},{""Gross"":""$2,445,312"",""Market"":""India"",""Release Date"":""Sep 1, 2000""},{""Gross"":""$540,779"",""Market"":""Indonesia"",""Release Date"":""Aug 9, 2000""},{""Gross"":""$15,486,406"",""Market"":""Japan"",""Release Date"":""Jun 17, 2000""},{""Gross"":""$530,172"",""Market"":""Malaysia"",""Release Date"":""May 11, 2000""},{""Gross"":""$2,340,451"",""Market"":""New Zealand"",""Release Date"":""Jul 27, 2000""},{""Gross"":""$1,769,414"",""Market"":""Philippines"",""Release Date"":""Jun 7, 2000""},{""Gross"":""$802,798"",""Market"":""Russia/CIS"",""Release Date"":""May 18, 2000""},{""Gross"":""$1,361,166"",""Market"":""Singapore"",""Release Date"":""May 11, 2000""},{""Gross"":""$13,725,195"",""Market"":""South Korea"",""Release Date"":""Jun 3, 2000""},{""Gross"":""$3,282,126"",""Market"":""Taiwan"",""Release Date"":""May 20, 2000""},{""Gross"":""$1,338,369"",""Market"":""Thailand"",""Release Date"":""Jun 2, 2000""},{""Gross"":""$3,376,447"",""Market"":""China"",""Release Date"":""Aug 5, 2000""}]","[""Action"",""Adventure"",""Drama""]"
3,Cast Away,"$429,632,142",/releasegroup/gr2299220485/?ref_=bo_ydw_table_3,"[{""Gross"":""$233,632,142"",""Market"":""Domestic"",""Release Date"":""Dec 22, 2000""},{""Gross"":""$2,646,851"",""Market"":""Austria"",""Release Date"":""Jan 12, 2001""},{""Gross"":""$2,800,093"",""Market"":""Belgium"",""Release Date"":""Jan 17, 2001""},{""Gross"":""$559,247"",""Market"":""Czech Republic"",""Release Date"":""Jan 11, 2001""},{""Gross"":""$1,326,720"",""Market"":""Denmark"",""Release Date"":""Jan 19, 2001""},{""Gross"":""$933,341"",""Market"":""Finland"",""Release Date"":""Jan 26, 2001""},{""Gross"":""$9,258,474"",""Market"":""France"",""Release Date"":""Jan 17, 2001""},{""Gross"":""$29,018,840"",""Market"":""Germany"",""Release Date"":""Jan 11, 2001""},{""Gross"":""$3,558,535"",""Market"":""Greece"",""Release Date"":""Feb 2, 2001""},{""Gross"":""$622,985"",""Market"":""Hungary"",""Release Date"":""Feb 8, 2001""},{""Gross"":""$688,710"",""Market"":""Iceland"",""Release Date"":""Jan 26, 2001""},{""Gross"":""$1,641,550"",""Market"":""Israel"",""Release Date"":""Jan 26, 2001""},{""Gross"":""$12,109,606"",""Market"":""Italy"",""Release Date"":""Jan 12, 2001""},{""Gross"":""$1,882,004"",""Market"":""Netherlands"",""Release Date"":""Jan 18, 2001""},{""Gross"":""$1,675,736"",""Market"":""Norway"",""Release Date"":""Jan 26, 2001""},{""Gross"":""$1,414,275"",""Market"":""Poland"",""Release Date"":""Jan 19, 2001""},{""Gross"":""$1,489,978"",""Market"":""Portugal"",""Release Date"":""Jan 19, 2001""},{""Gross"":""$688,479"",""Market"":""South Africa"",""Release Date"":""Feb 23, 2001""},{""Gross"":""$9,862,185"",""Market"":""Spain"",""Release Date"":""Jan 19, 2001""},{""Gross"":""$2,676,483"",""Market"":""Sweden"",""Release Date"":""Jan 12, 2001""},{""Gross"":""$4,646,372"",""Market"":""Switzerland"",""Release Date"":""Jan 11, 2001""},{""Gross"":""$770,865"",""Market"":""Türkiye"",""Release Date"":""Feb 23, 2001""},{""Gross"":""$21,087,890"",""Market"":""United Kingdom"",""Release Date"":""Jan 12, 2001""},{""Gross"":""$4,088,409"",""Market"":""Argentina"",""Release Date"":""Jan 25, 2001""},{""Gross"":""$6,207,494"",""Market"":""Brazil"",""Release Date"":""Jan 26, 2001""},{""Gross"":""$800,715"",""Market"":""Chile"",""Release Date"":""Feb 1, 2001""},{""Gross"":""$1,385,934"",""Market"":""Colombia"",""Release Date"":""Jan 26, 2001""},{""Gross"":""$6,135,518"",""Market"":""Mexico"",""Release Date"":""Jan 26, 2001""},{""Gross"":""$190,374"",""Market"":""Panama"",""Release Date"":""Jan 26, 2001""},{""Gross"":""$708,962"",""Market"":""Peru"",""Release Date"":""Feb 1, 2001""},{""Gross"":""$1,593,601"",""Market"":""Puerto Rico"",""Release Date"":""Jan 11, 2001""},{""Gross"":""$1,417,277"",""Market"":""Venezuela"",""Release Date"":""Jan 24, 2001""},{""Gross"":""$11,594,722"",""Market"":""Australia"",""Release Date"":""Jan 18, 2001""},{""Gross"":""$3,075,320"",""Market"":""Hong Kong"",""Release Date"":""Jan 24, 2001""},{""Gross"":""$253,765"",""Market"":""India"",""Release Date"":""Mar 2, 2001""},{""Gross"":""$228,945"",""Market"":""Indonesia"",""Release Date"":""Jan 24, 2001""},{""Gross"":""$28,494,336"",""Market"":""Japan"",""Release Date"":""Feb 24, 2001""},{""Gross"":""$426,184"",""Market"":""Malaysia"",""Release Date"":""Mar 1, 2001""},{""Gross"":""$810,715"",""Market"":""New Zealand"",""Release Date"":""Mar 22, 2001""},{""Gross"":""$1,130,220"",""Market"":""Philippines"",""Release Date"":""Feb 14, 2001""},{""Gross"":""$353,000"",""Market"":""Russia/CIS"",""Release Date"":""Mar 1, 2001""},{""Gross"":""$1,267,424"",""Market"":""Singapore"",""Release Date"":""Jan 24, 2001""},{""Gross"":""$7,332,828"",""Market"":""South Korea"",""Release Date"":""Feb 3, 2001""},{""Gross"":""$4,558,230"",""Market"":""Taiwan"",""Release Date"":""Jan 11, 2001""},{""Gross"":""$1,307,517"",""Market"":""Thailand"",""Release Date"":""Jan 24, 2001""}]","[""Adventure"",""Drama"",""Romance""]"
4,What Women Want,"$374,111,707",/releasegroup/gr1596084741/?ref_=bo_ydw_table_4,"[{""Gross"":""$182,811,707"",""Market"":""Domestic"",""Release Date"":""Dec 15, 2000""},{""Gross"":""$4,466,753"",""Market"":""Austria"",""Release Date"":""Feb 16, 2001""},{""Gross"":""$514,195"",""Market"":""Czech Republic"",""Release Date"":""Mar 8, 2001""},{""Gross"":""$1,552,657"",""Market"":""Denmark"",""Release Date"":""Mar 16, 2001""},{""Gross"":""$33,822,945"",""Market"":""Germany"",""Release Date"":""Feb 15, 2001""},{""Gross"":""$203,800"",""Market"":""Iceland"",""Release Date"":""Feb 16, 2001""},{""Gross"":""$24,660,636"",""Market"":""United Kingdom"",""Release Date"":""Feb 2, 2001""},{""Gross"":""$11,689,023"",""Market"":""Australia"",""Release Date"":""Jan 11, 2001""}]","[""Comedy"",""Fantasy"",""Romance""]"
5,Dinosaur,"$349,822,765",/releasegroup/gr593646085/?ref_=bo_ydw_table_5,"[{""Gross"":""$137,748,063"",""Market"":""Domestic"",""Release Date"":""May 19, 2000""},{""Gross"":""$902,758"",""Market"":""Denmark"",""Release Date"":""Nov 17, 2000""},{""Gross"":""$14,145,415"",""Market"":""Germany"",""Release Date"":""Nov 16, 2000""},{""Gross"":""$120,649"",""Market"":""Iceland"",""Release Date"":""Nov 24, 2000""}]","[""Adventure"",""Animation"",""Drama"",""Family"",""Fantasy""]"
6,How the Grinch Stole Christmas,"$345,842,198",/releasegroup/gr3123859973/?ref_=bo_ydw_table_6,"[{""Gross"":""$260,745,620"",""Market"":""Domestic"",""Release Date"":""Nov 17, 2000""},{""Gross"":""$223,729"",""Market"":""Denmark"",""Release Date"":""Dec 1, 2000""},{""Gross"":""$9,315,399"",""Market"":""Germany"",""Release Date"":""Nov 23, 2000""},{""Gross"":""$300,950"",""Market"":""Iceland"",""Release Date"":""Dec 8, 2000""},{""Gross"":""$36,147,137"",""Market"":""United Kingdom"",""Release Date"":""Dec 1, 2000""},{""Gross"":""$4,376,924"",""Market"":""Australia""}]","[""Comedy"",""Family"",""Fantasy""]"
7,Meet the Parents,"$330,444,045",/releasegroup/gr688607749/?ref_=bo_ydw_table_7,"[{""Gross"":""$166,244,045"",""Market"":""Domestic"",""Release Date"":""Oct 6, 2000""},{""Gross"":""$2,136,153"",""Market"":""Austria"",""Release Date"":""Dec 8, 2000""},{""Gross"":""$986,332"",""Market"":""Denmark"",""Release Date"":""Dec 25, 2000""},{""Gross"":""$9,740,638"",""Market"":""France"",""Release Date"":""Jan 3, 2001""},{""Gross"":""$17,504,124"",""Market"":""Germany"",""Release Date"":""Dec 7, 2000""},{""Gross"":""$203,540"",""Market"":""Iceland"",""Release Date"":""Jan 12, 2001""},{""Gross"":""$12,379,703"",""Market"":""Spain"",""Release Date"":""Dec 22, 2000""},{""Gross"":""$21,589,963"",""Market"":""United Kingdom"",""Release Date"":""Dec 15, 2000""},{""Gross"":""$11,549,612"",""Market"":""Australia"",""Release Date"":""Dec 26, 2000""}]","[""Comedy"",""Romance""]"
8,The Perfect Storm,"$328,718,434",/releasegroup/gr443306501/?ref_=bo_ydw_table_8,"[{""Gross"":""$182,618,434"",""Market"":""Domestic"",""Release Date"":""Jun 30, 2000""}]","[""Action"",""Adventure"",""Drama"",""Thriller""]"
9,X-Men,"$296,339,528",/releasegroup/gr3748418053/?ref_=bo_ydw_table_9,"[{""Gross"":""$157,299,718"",""Market"":""Domestic"",""Release Date"":""Jul 14, 2000""},{""Gross"":""$1,099,292"",""Market"":""Austria"",""Release Date"":""Aug 31, 2000""},{""Gross"":""$1,498,399"",""Market"":""Belgium"",""Release Date"":""Aug 16, 2000""},{""Gross"":""$139,889"",""Market"":""Bulgaria"",""Release Date"":""Oct 6, 2000""},{""Gross"":""$108,548"",""Market"":""Croatia"",""Release Date"":""Nov 2, 2000""},{""Gross"":""$226,596"",""Market"":""Czech Republic/Slovakia"",""Release Date"":""Oct 5, 2000""},{""Gross"":""$1,078,908"",""Market"":""Denmark"",""Release Date"":""Sep 8, 2000""},{""Gross"":""$155,573"",""Market"":""Egypt"",""Release Date"":""Nov 1, 2000""},{""Gross"":""$44,778"",""Market"":""Estonia"",""Release Date"":""Nov 10, 2000""},{""Gross"":""$696,223"",""Market"":""Finland"",""Release Date"":""Sep 1, 2000""},{""Gross"":""$9,426,024"",""Market"":""France"",""Release Date"":""Aug 16, 2000""},{""Gross"":""$12,250,936"",""Market"":""Germany"",""Release Date"":""Aug 31, 2000""},{""Gross"":""$880,447"",""Market"":""Greece"",""Release Date"":""Oct 13, 2000""},{""Gross"":""$293,131"",""Market"":""Hungary"",""Release Date"":""Nov 2, 2000""},{""Gross"":""$174,622"",""Market"":""Iceland"",""Release Date"":""Aug 18, 2000""},{""Gross"":""$1,066,361"",""Market"":""Israel"",""Release Date"":""Oct 12, 2000""},{""Gross"":""$4,188,346"",""Market"":""Italy"",""Release Date"":""Oct 27, 2000""},{""Gross"":""$68,702"",""Market"":""Latvia"",""Release Date"":""Oct 20, 2000""},{""Gross"":""$92,208"",""Market"":""Lebanon"",""Release Date"":""Sep 28, 2000""},{""Gross"":""$63,288"",""Market"":""Lithuania"",""Release Date"":""Sep 29, 2000""},{""Gross"":""$299,461"",""Market"":""Middle East/UAE"",""Release Date"":""Sep 27, 2000""},{""Gross"":""$2,025,466"",""Market"":""Netherlands"",""Release Date"":""Sep 28, 2000""},{""Gross"":""$656,955"",""Market"":""Norway"",""Release Date"":""Sep 8, 2000""},{""Gross"":""$498,784"",""Market"":""Poland"",""Release Date"":""Oct 13, 2000""},{""Gross"":""$604,245"",""Market"":""Portugal"",""Release Date"":""Sep 29, 2000""},{""Gross"":""$126,325"",""Market"":""Romania"",""Release Date"":""Nov 10, 2000""},{""Gross"":""$62,437"",""Market"":""Slovenia"",""Release Date"":""Oct 26, 2000""},{""Gross"":""$1,016,710"",""Market"":""South Africa"",""Release Date"":""Sep 22, 2000""},{""Gross"":""$6,427,028"",""Market"":""Spain"",""Release Date"":""Oct 6, 2000""},{""Gross"":""$1,633,708"",""Market"":""Sweden"",""Release Date"":""Aug 2, 2000""},{""Gross"":""$1,200,705"",""Market"":""Switzerland"",""Release Date"":""Aug 16, 2000""},{""Gross"":""$838,764"",""Market"":""Türkiye"",""Release Date"":""Nov 3, 2000""},{""Gross"":""$22,186,479"",""Market"":""United Kingdom"",""Release Date"":""Aug 18, 2000""},{""Gross"":""$3,009,291"",""Market"":""Argentina"",""Release Date"":""Aug 24, 2000""},{""Gross"":""$117,312"",""Market"":""Bolivia"",""Release Date"":""Aug 31, 2000""},{""Gross"":""$6,071,833"",""Market"":""Brazil"",""Release Date"":""Aug 11, 2000""},{""Gross"":""$930,380"",""Market"":""Central America+"",""Release Date"":""Aug 11, 2000""},{""Gross"":""$940,108"",""Market"":""Chile"",""Release Date"":""Aug 3, 2000""},{""Gross"":""$1,004,729"",""Market"":""Colombia"",""Release Date"":""Aug 11, 2000""},{""Gross"":""$183,624"",""Market"":""Dominican Republic"",""Release Date"":""Aug 10, 2000""},{""Gross"":""$175,692"",""Market"":""Ecuador"",""Release Date"":""Aug 25, 2000""},{""Gross"":""$132,466"",""Market"":""Jamaica"",""Release Date"":""Jul 19, 2000""},{""Gross"":""$229,238"",""Market"":""Lesser Antilles"",""Release Date"":""Aug 16, 2000""},{""Gross"":""$10,766,863"",""Market"":""Mexico"",""Release Date"":""Aug 11, 2000""},{""Gross"":""$29,491"",""Market"":""Paraguay"",""Release Date"":""Oct 13, 2000""},{""Gross"":""$425,359"",""Market"":""Peru"",""Release Date"":""Aug 10, 2000""},{""Gross"":""$1,411,399"",""Market"":""Puerto Rico"",""Release Date"":""Jul 20, 2000""},{""Gross"":""$160,835"",""Market"":""Uruguay"",""Release Date"":""Aug 11, 2000""},{""Gross"":""$1,462,078"",""Market"":""Venezuela"",""Release Date"":""Aug 23, 2000""},{""Gross"":""$6,481,541"",""Market"":""Australia"",""Release Date"":""Jul 13, 2000""},{""Gross"":""$1,586,239"",""Market"":""Hong Kong"",""Release Date"":""Aug 3, 2000""},{""Gross"":""$809,304"",""Market"":""India"",""Release Date"":""Oct 13, 2000""},{""Gross"":""$373,532"",""Market"":""Indonesia"",""Release Date"":""Aug 16, 2000""},{""Gross"":""$16,916,071"",""Market"":""Japan"",""Release Date"":""Oct 7, 2000""},{""Gross"":""$771,859"",""Market"":""Malaysia"",""Release Date"":""Aug 3, 2000""},{""Gross"":""$1,168,051"",""Market"":""New Zealand"",""Release Date"":""Aug 17, 2000""},{""Gross"":""$1,250,864"",""Market"":""Philippines"",""Release Date"":""Aug 30, 2000""},{""Gross"":""$1,124,819"",""Market"":""Russia/CIS"",""Release Date"":""Oct 19, 2000""},{""Gross"":""$1,422,867"",""Market"":""Singapore"",""Release Date"":""Jul 27, 2000""},{""Gross"":""$5,100,836"",""Market"":""South Korea"",""Release Date"":""Jul 27, 2000""},{""Gross"":""$2,122,849"",""Market"":""Taiwan"",""Release Date"":""Aug 12, 2000""},{""Gross"":""$1,730,942"",""Market"":""Thailand"",""Release Date"":""Aug 4, 2000""}]","[""Action"",""Adventure"",""Sci-Fi""]"
10,What Lies Beneath,"$291,420,351",/releasegroup/gr3927265797/?ref_=bo_ydw_table_10,"[{""Gross"":""$155,464,351"",""Market"":""Domestic"",""Release Date"":""Jul 21, 2000""},{""Gross"":""$788,520"",""Market"":""Austria""},{""Gross"":""$1,823,871"",""Market"":""Belgium""},{""Gross"":""$884,559"",""Market"":""Denmark""},{""Gross"":""$276,823"",""Market"":""Egypt""},{""Gross"":""$614,713"",""Market"":""Finland""},{""Gross"":""$10,375,781"",""Market"":""France""},{""Gross"":""$9,636,178"",""Market"":""Germany""},{""Gross"":""$1,850,000"",""Market"":""Greece""},{""Gross"":""$240,420"",""Market"":""Iceland"",""Release Date"":""Oct 30, 2000""},{""Gross"":""$8,274,859"",""Market"":""Italy""},{""Gross"":""$680,298"",""Market"":""South Africa""},{""Gross"":""$11,729,827"",""Market"":""Spain""},{""Gross"":""$1,510,228"",""Market"":""Sweden""},{""Gross"":""$1,191,443"",""Market"":""Switzerland""},{""Gross"":""$587,278"",""Market"":""Türkiye""},{""Gross"":""$19,911,075"",""Market"":""United Kingdom""},{""Gross"":""$3,326,487"",""Market"":""Argentina""},{""Gross"":""$3,902,561"",""Market"":""Brazil""},{""Gross"":""$7,782,574"",""Market"":""Mexico""},{""Gross"":""$1,594,857"",""Market"":""Netherlands Antilles""},{""Gross"":""$197,000"",""Market"":""Venezuela""},{""Gross"":""$4,651,385"",""Market"":""Australia"",""Release Date"":""Nov 2, 2000""},{""Gross"":""$1,246,945"",""Market"":""Hong Kong""},{""Gross"":""$73,035"",""Market"":""Indonesia""},{""Gross"":""$3,778,991"",""Market"":""Japan""},{""Gross"":""$575,378"",""Market"":""Malaysia""},{""Gross"":""$875,000"",""Market"":""Singapore""},{""Gross"":""$492,115"",""Market"":""South Korea""},{""Gross"":""$3,980,000"",""Market"":""Taiwan""},{""Gross"":""$277,510"",""Market"":""Thailand""}]","[""Drama"",""Horror"",""Mystery"",""Thriller""]"
11,Scary Movie,"$278,019,771",/releasegroup/gr601772549/?ref_=bo_ydw_table_11,"[{""Gross"":""$157,019,771"",""Market"":""Domestic"",""Release Date"":""Jul 7, 2000""},{""Gross"":""$117,049"",""Market"":""Czech Republic"",""Release Date"":""Jan 4, 2001""}]","[""Comedy""]"
12,Charlie's Angels,"$264,105,545",/releasegroup/gr423580165/?ref_=bo_ydw_table_12,"[{""Gross"":""$125,305,545"",""Market"":""Domestic"",""Release Date"":""Nov 3, 2000""},{""Gross"":""$215,505"",""Market"":""Czech Republic"",""Release Date"":""Nov 30, 2000""},{""Gross"":""$1,035,474"",""Market"":""Denmark"",""Release Date"":""Dec 8, 2000""},{""Gross"":""$11,772,761"",""Market"":""Germany"",""Release Date"":""Nov 30, 2000""},{""Gross"":""$18,752,778"",""Market"":""United Kingdom""},{""Gross"":""$10,176,579"",""Market"":""Australia"",""Release Date"":""Nov 23, 2000""}]","[""Action"",""Adventure"",""Comedy"",""Crime"",""Thriller""]"
13,Erin Brockovich,"$256,271,286",/releasegroup/gr1495290373/?ref_=bo_ydw_table_13,"[{""Gross"":""$125,595,205"",""Market"":""Domestic"",""Release Date"":""Mar 17, 2000""},{""Gross"":""$11,880,010"",""Market"":""Germany"",""Release Date"":""Apr 6, 2000""}]","[""Biography"",""Drama""]"
14,Unbreakable,"$248,118,121",/releasegroup/gr3706802693/?ref_=bo_ydw_table_14,"[{""Gross"":""$95,011,339"",""Market"":""Domestic"",""Release Date"":""Nov 22, 2000""},{""Gross"":""$2,036,647"",""Market"":""Austria"",""Release Date"":""Dec 28, 2000""},{""Gross"":""$323,077"",""Market"":""Czech Republic"",""Release Date"":""Jan 18, 2001""},{""Gross"":""$973,642"",""Market"":""Denmark"",""Release Date"":""Jan 5, 2001""},{""Gross"":""$13,285,101"",""Market"":""Germany"",""Release Date"":""Dec 28, 2000""},{""Gross"":""$192,099"",""Market"":""Iceland"",""Release Date"":""Dec 26, 2000""},{""Gross"":""$16,033,184"",""Market"":""United Kingdom""},{""Gross"":""$4,836,192"",""Market"":""Australia"",""Release Date"":""Nov 30, 2000""}]","[""Drama"",""Mystery"",""Sci-Fi"",""Thriller""]"
15,Gone in 60 Seconds,"$237,202,299",/releasegroup/gr3158135301/?ref_=bo_ydw_table_15,"[{""Gross"":""$101,648,571"",""Market"":""Domestic"",""Release Date"":""Jun 9, 2000""},{""Gross"":""$1,420,000"",""Market"":""Russia/CIS""}]","[""Action"",""Crime"",""Thriller""]"
16,Chicken Run,"$224,834,564",/releasegroup/gr3822277125/?ref_=bo_ydw_table_16,"[{""Gross"":""$106,834,564"",""Market"":""Domestic"",""Release Date"":""Jun 23, 2000""},{""Gross"":""$107,835"",""Market"":""Iceland"",""Release Date"":""Oct 20, 2000""},{""Gross"":""$8,487,916"",""Market"":""Australia"",""Release Date"":""Dec 7, 2000""}]","[""Adventure"",""Animation"",""Comedy"",""Drama"",""Family""]"
17,Vertical Limit,"$215,663,859",/releasegroup/gr1875005957/?ref_=bo_ydw_table_17,"[{""Gross"":""$69,243,859"",""Market"":""Domestic"",""Release Date"":""Dec 8, 2000""},{""Gross"":""$1,360,909"",""Market"":""Austria"",""Release Date"":""Jan 26, 2001""},{""Gross"":""$311,061"",""Market"":""Czech Republic"",""Release Date"":""Feb 8, 2001""},{""Gross"":""$492,318"",""Market"":""Denmark"",""Release Date"":""Feb 2, 2001""},{""Gross"":""$7,377,243"",""Market"":""Germany"",""Release Date"":""Jan 25, 2001""},{""Gross"":""$158,904"",""Market"":""Iceland"",""Release Date"":""Feb 2, 2001""},{""Gross"":""$9,101,961"",""Market"":""United Kingdom"",""Release Date"":""Jan 19, 2001""},{""Gross"":""$5,846,878"",""Market"":""Australia"",""Release Date"":""Dec 22, 2000""}]","[""Action"",""Adventure"",""Drama"",""Sport"",""Thriller""]"
18,The Patriot,"$215,294,342",/releasegroup/gr3695596037/?ref_=bo_ydw_table_18,"[{""Gross"":""$113,330,342"",""Market"":""Domestic"",""Release Date"":""Jun 28, 2000""}]","[""Action"",""Drama"",""History"",""War""]"
19,"Crouching Tiger, Hidden Dragon","$213,525,736",/releasegroup/gr3580187141/?ref_=bo_ydw_table_19,"[{""Gross"":""$128,078,872"",""Market"":""Domestic"",""Release Date"":""Dec 8, 2000""},{""Gross"":""$575,212"",""Market"":""Austria"",""Release Date"":""Feb 9, 2001""},{""Gross"":""$233,123"",""Market"":""Czech Republic"",""Release Date"":""Mar 2, 2001""},{""Gross"":""$558,583"",""Market"":""Denmark""},{""Gross"":""$3,855,260"",""Market"":""Germany"",""Release Date"":""Jan 11, 2001""},{""Gross"":""$127,397"",""Market"":""Iceland"",""Release Date"":""Jan 12, 2001""},{""Gross"":""$12,775,401"",""Market"":""United Kingdom"",""Release Date"":""Jan 5, 2001""},{""Gross"":""$5,688,526"",""Market"":""Australia""},{""Gross"":""$1,259,614"",""Market"":""Taiwan""}]","[""Action"",""Adventure"",""Drama"",""Fantasy"",""Romance""]"
20,Miss Congeniality,"$212,742,720",/releasegroup/gr4215886341/?ref_=bo_ydw_table_20,"[{""Gross"":""$106,807,667"",""Market"":""Domestic"",""Release Date"":""Dec 22, 2000""},{""Gross"":""$941,336"",""Market"":""Austria"",""Release Date"":""Mar 30, 2001""},{""Gross"":""$160,003"",""Market"":""Czech Republic"",""Release Date"":""Apr 12, 2001""},{""Gross"":""$691,910"",""Market"":""Denmark"",""Release Date"":""Apr 6, 2001""},{""Gross"":""$17,071,016"",""Market"":""Germany"",""Release Date"":""Mar 29, 2001""},{""Gross"":""$76,589"",""Market"":""Iceland"",""Release Date"":""Mar 30, 2001""},{""Gross"":""$14,159,015"",""Market"":""United Kingdom"",""Release Date"":""Mar 23, 2001""},{""Gross"":""$10,250,371"",""Market"":""Australia"",""Release Date"":""Mar 15, 2001""}]","[""Action"",""Comedy"",""Crime"",""Romance""]"
21,Traffic,"$207,515,725",/releasegroup/gr3420475909/?ref_=bo_ydw_table_21,"[{""Gross"":""$124,115,725"",""Market"":""Domestic"",""Release Date"":""Dec 27, 2000""},{""Gross"":""$230,313"",""Market"":""Austria"",""Release Date"":""Apr 6, 2001""},{""Gross"":""$55,157"",""Market"":""Bulgaria"",""Release Date"":""Nov 16, 2001""},{""Gross"":""$119,227"",""Market"":""Czech Republic"",""Release Date"":""Jan 24, 2002""},{""Gross"":""$865,951"",""Market"":""Denmark"",""Release Date"":""Mar 16, 2001""},{""Gross"":""$7,411,631"",""Market"":""Germany"",""Release Date"":""Apr 5, 2001""},{""Gross"":""$268,863"",""Market"":""Hungary"",""Release Date"":""May 30, 2002""},{""Gross"":""$130,121"",""Market"":""Iceland"",""Release Date"":""Mar 16, 2001""},{""Gross"":""$12,410,420"",""Market"":""United Kingdom"",""Release Date"":""Jan 26, 2001""},{""Gross"":""$6,128,543"",""Market"":""Australia"",""Release Date"":""Mar 8, 2001""}]","[""Crime"",""Drama"",""Thriller""]"
22,Hollow Man,"$190,213,455",/releasegroup/gr1114853893/?ref_=bo_ydw_table_22,"[{""Gross"":""$73,209,340"",""Market"":""Domestic"",""Release Date"":""Aug 4, 2000""}]","[""Action"",""Horror"",""Sci-Fi"",""Thriller""]"
23,"102 Dalmatians","$183,611,771",/releasegroup/gr1799770629/?ref_=bo_ydw_table_23,"[{""Gross"":""$66,957,026"",""Market"":""Domestic"",""Release Date"":""Nov 22, 2000""},{""Gross"":""$1,644,479"",""Market"":""Austria"",""Release Date"":""Feb 9, 2001""},{""Gross"":""$209,747"",""Market"":""Czech Republic"",""Release Date"":""Feb 8, 2001""},{""Gross"":""$633,210"",""Market"":""Denmark"",""Release Date"":""Dec 25, 2000""},{""Gross"":""$8,430,586"",""Market"":""Germany"",""Release Date"":""Feb 8, 2001""},{""Gross"":""$141,091"",""Market"":""Iceland"",""Release Date"":""Feb 9, 2001""},{""Gross"":""$16,197,246"",""Market"":""United Kingdom""},{""Gross"":""$5,806,633"",""Market"":""Australia"",""Release Date"":""Dec 22, 2000""}]","[""Adventure"",""Comedy"",""Family""]"
24,Big Momma's House,"$173,959,438",/releasegroup/gr2312851973/?ref_=bo_ydw_table_24,"[{""Gross"":""$117,559,438"",""Market"":""Domestic"",""Release Date"":""Jun 2, 2000""}]","[""Action"",""Comedy"",""Crime""]"
25,The Emperor's New Groove,"$169,327,687",/releasegroup/gr152326661/?ref_=bo_ydw_table_25,"[{""Gross"":""$89,302,687"",""Market"":""Domestic"",""Release Date"":""Dec 15, 2000""},{""Gross"":""$1,235,566"",""Market"":""Austria"",""Release Date"":""Mar 16, 2001""},{""Gross"":""$7,865"",""Market"":""Bulgaria"",""Release Date"":""Mar 30, 2001""},{""Gross"":""$40,367"",""Market"":""Czech Republic"",""Release Date"":""Mar 22, 2001""},{""Gross"":""$1,246,634"",""Market"":""Denmark"",""Release Date"":""Feb 9, 2001""},{""Gross"":""$10,069,073"",""Market"":""Germany"",""Release Date"":""Mar 15, 2001""},{""Gross"":""$37,429"",""Market"":""Iceland"",""Release Date"":""Mar 30, 2001""},{""Gross"":""$1,466,091"",""Market"":""Netherlands"",""Release Date"":""Jun 21, 2001""},{""Gross"":""$13,303,088"",""Market"":""United Kingdom"",""Release Date"":""Feb 16, 2001""},{""Gross"":""$3,831,140"",""Market"":""Australia"",""Release Date"":""Apr 5, 2001""}]","[""Adventure"",""Animation"",""Comedy"",""Family"",""Fantasy""]"
26,Nutty Professor II: The Klumps,"$166,339,890",/releasegroup/gr2061062661/?ref_=bo_ydw_table_26,"[{""Gross"":""$123,309,890"",""Market"":""Domestic"",""Release Date"":""Jul 28, 2000""},{""Gross"":""$88,408"",""Market"":""Iceland"",""Release Date"":""Nov 10, 2000""},{""Gross"":""$2,976,807"",""Market"":""Australia"",""Release Date"":""Dec 14, 2000""}]","[""Comedy"",""Romance"",""Sci-Fi""]"
27,Scream 3,"$161,834,276",/releasegroup/gr1764774405/?ref_=bo_ydw_table_27,"[{""Gross"":""$89,143,175"",""Market"":""Domestic"",""Release Date"":""Feb 4, 2000""}]","[""Horror"",""Mystery""]"
28,Chocolat,"$152,699,946",/releasegroup/gr1781420549/?ref_=bo_ydw_table_28,"[{""Gross"":""$71,509,363"",""Market"":""Domestic"",""Release Date"":""Dec 15, 2000""},{""Gross"":""$1,126,445"",""Market"":""Austria"",""Release Date"":""Mar 16, 2001""},{""Gross"":""$29,599"",""Market"":""Bulgaria"",""Release Date"":""Jul 3, 2001""},{""Gross"":""$208,035"",""Market"":""Czech Republic"",""Release Date"":""May 10, 2001""},{""Gross"":""$309,178"",""Market"":""Denmark"",""Release Date"":""Mar 2, 2001""},{""Gross"":""$16,206,796"",""Market"":""Germany"",""Release Date"":""Mar 15, 2001""},{""Gross"":""$34,102"",""Market"":""Iceland"",""Release Date"":""Mar 16, 2001""},{""Gross"":""$9,799,733"",""Market"":""United Kingdom"",""Release Date"":""Mar 2, 2001""},{""Gross"":""$5,215,165"",""Market"":""Australia"",""Release Date"":""Feb 15, 2001""},{""Gross"":""$609,807"",""Market"":""Taiwan""}]","[""Drama"",""Romance""]"
29,"Me, Myself & Irene","$149,270,999",/releasegroup/gr3765916165/?ref_=bo_ydw_table_29,"[{""Gross"":""$90,570,999"",""Market"":""Domestic"",""Release Date"":""Jun 23, 2000""}]","[""Comedy""]"
30,The Beach,"$144,056,873",/releasegroup/gr238637573/?ref_=bo_ydw_table_30,"[{""Gross"":""$39,785,027"",""Market"":""Domestic"",""Release Date"":""Feb 11, 2000""},{""Gross"":""$6,651,068"",""Market"":""Germany"",""Release Date"":""Feb 12, 2000""}]","[""Adventure"",""Drama"",""Romance"",""Thriller""]"
31,Remember the Titans,"$136,706,683",/releasegroup/gr1290686981/?ref_=bo_ydw_table_31,"[{""Gross"":""$115,654,751"",""Market"":""Domestic"",""Release Date"":""Sep 29, 2000""},{""Gross"":""$159,801"",""Market"":""Austria"",""Release Date"":""Mar 30, 2001""},{""Gross"":""$55,780"",""Market"":""Denmark"",""Release Date"":""Mar 2, 2001""},{""Gross"":""$678,872"",""Market"":""Germany"",""Release Date"":""Mar 29, 2001""},{""Gross"":""$25,113"",""Market"":""Iceland"",""Release Date"":""Mar 2, 2001""},{""Gross"":""$728,448"",""Market"":""United Kingdom""},{""Gross"":""$2,334,708"",""Market"":""Australia"",""Release Date"":""Jan 25, 2001""}]","[""Biography"",""Comedy"",""Drama"",""Sport""]"
32,Pokémon the Movie 2000,"$133,949,270",/releasegroup/gr2948944389/?ref_=bo_ydw_table_32,"[{""Gross"":""$43,758,684"",""Market"":""Domestic"",""Release Date"":""Jul 21, 2000""},{""Gross"":""$838,076"",""Market"":""Austria"",""Release Date"":""Dec 22, 2000""},{""Gross"":""$53,852"",""Market"":""Czech Republic"",""Release Date"":""Jul 5, 2001""},{""Gross"":""$340,084"",""Market"":""Denmark"",""Release Date"":""Dec 8, 2000""},{""Gross"":""$7,276,728"",""Market"":""Germany"",""Release Date"":""Dec 21, 2000""},{""Gross"":""$79,602"",""Market"":""Iceland"",""Release Date"":""Dec 26, 2000""},{""Gross"":""$2,980,580"",""Market"":""United Kingdom""},{""Gross"":"""",""Market"":""Australia""}]","[""Action"",""Adventure"",""Animation"",""Comedy"",""Drama"",""Family"",""Fantasy""]"
33,Space Cowboys,"$128,884,132",/releasegroup/gr4056699397/?ref_=bo_ydw_table_33,"[{""Gross"":""$90,464,773"",""Market"":""Domestic"",""Release Date"":""Aug 4, 2000""}]","[""Action"",""Adventure"",""Thriller""]"
34,U-571,"$127,666,415",/releasegroup/gr1428836869/?ref_=bo_ydw_table_34,"[{""Gross"":""$77,122,415"",""Market"":""Domestic"",""Release Date"":""Apr 21, 2000""}]","[""Action"",""War""]"
35,The Family Man,"$124,745,083",/releasegroup/gr3051966981/?ref_=bo_ydw_table_35,"[{""Gross"":""$75,793,305"",""Market"":""Domestic"",""Release Date"":""Dec 22, 2000""},{""Gross"":""$14,347"",""Market"":""Czech Republic"",""Release Date"":""Mar 15, 2001""},{""Gross"":""$161,037"",""Market"":""Denmark"",""Release Date"":""Feb 16, 2001""},{""Gross"":""$1,559,853"",""Market"":""Germany"",""Release Date"":""Dec 14, 2000""},{""Gross"":""$70,434"",""Market"":""Iceland"",""Release Date"":""Jan 5, 2001""},{""Gross"":""$4,700,552"",""Market"":""United Kingdom""},{""Gross"":""$2,830,043"",""Market"":""Australia"",""Release Date"":""Jan 25, 2001""}]","[""Comedy"",""Drama"",""Fantasy"",""Romance""]"
36,Road Trip,"$119,754,278",/releasegroup/gr1007178245/?ref_=bo_ydw_table_36,"[{""Gross"":""$68,540,777"",""Market"":""Domestic"",""Release Date"":""May 19, 2000""}]","[""Comedy""]"
37,Coyote Ugly,"$113,916,474",/releasegroup/gr3981791749/?ref_=bo_ydw_table_37,"[{""Gross"":""$60,786,269"",""Market"":""Domestic"",""Release Date"":""Aug 4, 2000""},{""Gross"":""$5,625,636"",""Market"":""United Kingdom""},{""Gross"":""$5,999,011"",""Market"":""Australia"",""Release Date"":""Jan 1, 2001""}]","[""Comedy"",""Drama"",""Music"",""Romance""]"
38,Final Destination,"$112,880,294",/releasegroup/gr3857797637/?ref_=bo_ydw_table_38,"[{""Gross"":""$53,331,147"",""Market"":""Domestic"",""Release Date"":""Mar 17, 2000""},{""Gross"":""$1,489,258"",""Market"":""Belgium"",""Release Date"":""Jul 12, 2000""},{""Gross"":""$27,769"",""Market"":""Czech Republic/Slovakia"",""Release Date"":""Oct 26, 2000""},{""Gross"":""$186,086"",""Market"":""Denmark"",""Release Date"":""Jun 30, 2000""},{""Gross"":""$59,242"",""Market"":""Finland"",""Release Date"":""May 12, 2000""},{""Gross"":""$4,022,930"",""Market"":""France"",""Release Date"":""Jul 12, 2000""},{""Gross"":""$6,928,330"",""Market"":""Germany"",""Release Date"":""Sep 21, 2000""},{""Gross"":""$89,135"",""Market"":""Hungary"",""Release Date"":""Oct 19, 2000""},{""Gross"":""$58,946"",""Market"":""Iceland"",""Release Date"":""Apr 19, 2000""},{""Gross"":""$174,163"",""Market"":""Israel"",""Release Date"":""Dec 14, 2000""},{""Gross"":""$3,240,736"",""Market"":""Italy"",""Release Date"":""Aug 25, 2000""},{""Gross"":""$1,665,552"",""Market"":""Netherlands"",""Release Date"":""Jun 15, 2000""},{""Gross"":""$305,993"",""Market"":""Norway"",""Release Date"":""May 26, 2000""},{""Gross"":""$231,062"",""Market"":""Poland"",""Release Date"":""Oct 20, 2000""},{""Gross"":""$38,953"",""Market"":""Slovenia"",""Release Date"":""Nov 16, 2000""},{""Gross"":""$4,336,179"",""Market"":""Spain"",""Release Date"":""May 26, 2000""},{""Gross"":""$313,061"",""Market"":""Sweden"",""Release Date"":""Apr 28, 2000""},{""Gross"":""$404,188"",""Market"":""Switzerland"",""Release Date"":""Sep 21, 2000""},{""Gross"":""$15,580,935"",""Market"":""United Kingdom"",""Release Date"":""May 19, 2000""},{""Gross"":""$1,763,357"",""Market"":""Argentina"",""Release Date"":""Jun 29, 2000""},{""Gross"":""$2,225,027"",""Market"":""Brazil"",""Release Date"":""Jul 14, 2000""},{""Gross"":""$119,134"",""Market"":""Peru"",""Release Date"":""Aug 30, 2000""},{""Gross"":""$401,744"",""Market"":""Venezuela"",""Release Date"":""Jul 5, 2000""},{""Gross"":""$1,706,462"",""Market"":""Australia"",""Release Date"":""Apr 13, 2000""},{""Gross"":""$730,456"",""Market"":""Hong Kong"",""Release Date"":""Jun 15, 2000""},{""Gross"":""$75,631"",""Market"":""India"",""Release Date"":""Sep 22, 2000""},{""Gross"":""$1,581,586"",""Market"":""Japan"",""Release Date"":""Jan 20, 2001""},{""Gross"":""$266,393"",""Market"":""Malaysia"",""Release Date"":""May 4, 2000""},{""Gross"":""$105,471"",""Market"":""New Zealand"",""Release Date"":""Sep 28, 2000""},{""Gross"":""$780,110"",""Market"":""Singapore"",""Release Date"":""May 18, 2000""}]","[""Horror"",""Thriller""]"
39,The Exorcist 2000 Director's Cut,"$112,053,066",/releasegroup/gr3242545669/?ref_=bo_ydw_table_39,"[{""Gross"":""$39,671,011"",""Market"":""Domestic"",""Release Date"":""Sep 22, 2000""},{""Gross"":""$600,654"",""Market"":""Austria"",""Release Date"":""Mar 16, 2001""},{""Gross"":""$75,268"",""Market"":""Czech Republic"",""Release Date"":""Jul 12, 2001""},{""Gross"":""$563,291"",""Market"":""Denmark"",""Release Date"":""Apr 6, 2001""},{""Gross"":""$3,477,237"",""Market"":""Germany"",""Release Date"":""Mar 15, 2001""},{""Gross"":""$61,049"",""Market"":""Iceland"",""Release Date"":""Nov 3, 2000""},{""Gross"":""$1,634,664"",""Market"":""Australia"",""Release Date"":""Mar 22, 2001""}]","[""Horror""]"
40,Mission to Mars,"$110,983,407",/releasegroup/gr2430620165/?ref_=bo_ydw_table_40,"[{""Gross"":""$60,883,407"",""Market"":""Domestic"",""Release Date"":""Mar 10, 2000""}]","[""Adventure"",""Sci-Fi"",""Thriller""]"
41,The Kid,"$110,317,580",/releasegroup/gr3658306053/?ref_=bo_ydw_table_41,"[{""Gross"":""$69,691,949"",""Market"":""Domestic"",""Release Date"":""Jul 7, 2000""},{""Gross"":""$26,800"",""Market"":""Iceland"",""Release Date"":""Nov 3, 2000""}]","[""Comedy"",""Family"",""Fantasy""]"
42,Billy Elliot,"$109,280,263",/releasegroup/gr930763269/?ref_=bo_ydw_table_42,"[{""Gross"":""$21,995,263"",""Market"":""Domestic"",""Release Date"":""Oct 13, 2000""},{""Gross"":""$42,847"",""Market"":""Czech Republic"",""Release Date"":""Feb 1, 2001""},{""Gross"":""$305,748"",""Market"":""Denmark"",""Release Date"":""Feb 9, 2001""},{""Gross"":""$11,697,269"",""Market"":""France"",""Release Date"":""Dec 20, 2000""},{""Gross"":""$5,813,186"",""Market"":""Germany"",""Release Date"":""Nov 30, 2000""},{""Gross"":""$53,880"",""Market"":""Iceland"",""Release Date"":""Feb 16, 2001""},{""Gross"":""$5,751,025"",""Market"":""Italy"",""Release Date"":""Feb 23, 2001""},{""Gross"":""$6,436,247"",""Market"":""Spain"",""Release Date"":""Jan 26, 2001""},{""Gross"":""$25,233,762"",""Market"":""United Kingdom"",""Release Date"":""Sep 29, 2000""},{""Gross"":""$3,384,423"",""Market"":""Australia"",""Release Date"":""Nov 2, 2000""},{""Gross"":""$178,710"",""Market"":""South Korea"",""Release Date"":""Feb 16, 2001""}]","[""Drama"",""Music""]"
43,Shaft,"$107,196,498",/releasegroup/gr3699003909/?ref_=bo_ydw_table_43,"[{""Gross"":""$70,334,258"",""Market"":""Domestic"",""Release Date"":""Jun 16, 2000""},{""Gross"":""$312,960"",""Market"":""Denmark"",""Release Date"":""Nov 24, 2000""},{""Gross"":""$63,558"",""Market"":""Iceland"",""Release Date"":""Oct 27, 2000""},{""Gross"":""$2,848,689"",""Market"":""Australia"",""Release Date"":""Oct 26, 2000""}]","[""Action"",""Crime"",""Thriller""]"
44,The Whole Nine Yards,"$106,371,651",/releasegroup/gr4212216325/?ref_=bo_ydw_table_44,"[{""Gross"":""$57,262,492"",""Market"":""Domestic"",""Release Date"":""Feb 18, 2000""},{""Gross"":""$302,787"",""Market"":""Germany"",""Release Date"":""Apr 27, 2000""}]","[""Comedy"",""Crime""]"
45,The Cell,"$104,155,843",/releasegroup/gr171332101/?ref_=bo_ydw_table_45,"[{""Gross"":""$61,334,059"",""Market"":""Domestic"",""Release Date"":""Aug 18, 2000""},{""Gross"":""$5,326,613"",""Market"":""Germany"",""Release Date"":""Nov 23, 2000""},{""Gross"":""$1,552,295"",""Market"":""Australia"",""Release Date"":""Nov 16, 2000""}]","[""Crime"",""Horror"",""Sci-Fi"",""Thriller""]"
46,Rugrats in Paris,"$103,291,131",/releasegroup/gr3262665221/?ref_=bo_ydw_table_46,"[{""Gross"":""$76,507,756"",""Market"":""Domestic"",""Release Date"":""Nov 17, 2000""},{""Gross"":""$60,105"",""Market"":""Denmark"",""Release Date"":""Apr 6, 2001""},{""Gross"":""$11,119,263"",""Market"":""United Kingdom"",""Release Date"":""Apr 6, 2001""},{""Gross"":""$4,770,997"",""Market"":""Australia"",""Release Date"":""Apr 5, 2001""}]","[""Adventure"",""Animation"",""Comedy"",""Family"",""Romance""]"
47,Shanghai Noon,"$99,274,467",/releasegroup/gr735859205/?ref_=bo_ydw_table_47,"[{""Gross"":""$56,937,502"",""Market"":""Domestic"",""Release Date"":""May 26, 2000""}]","[""Action"",""Adventure"",""Comedy"",""Western""]"
48,The Tigger Movie,"$96,159,800",/releasegroup/gr3036369413/?ref_=bo_ydw_table_48,"[{""Gross"":""$45,554,533"",""Market"":""Domestic"",""Release Date"":""Feb 11, 2000""}]","[""Adventure"",""Animation"",""Comedy"",""Drama"",""Family"",""Musical""]"
49,The 6th Day,"$96,085,477",/releasegroup/gr47206917/?ref_=bo_ydw_table_49,"[{""Gross"":""$34,604,280"",""Market"":""Domestic"",""Release Date"":""Nov 17, 2000""},{""Gross"":""$239,450"",""Market"":""Denmark"",""Release Date"":""Dec 25, 2000""},{""Gross"":""$7,009,296"",""Market"":""Germany"",""Release Date"":""Dec 14, 2000""},{""Gross"":""$61,533"",""Market"":""Iceland"",""Release Date"":""Jan 19, 2001""},{""Gross"":""$2,894,129"",""Market"":""United Kingdom""},{""Gross"":""$1,986,603"",""Market"":""Australia"",""Release Date"":""Jan 18, 2001""}]","[""Action"",""Mystery"",""Sci-Fi"",""Thriller""]"
50,Romeo Must Die,"$91,036,760",/releasegroup/gr2345095685/?ref_=bo_ydw_table_50,"[{""Gross"":""$55,973,336"",""Market"":""Domestic"",""Release Date"":""Mar 22, 2000""}]","[""Action"",""Crime"",""Thriller""]"
51,Fantasia 2000,"$90,874,570",/releasegroup/gr3758903813/?ref_=bo_ydw_table_51,"[{""Gross"":""$60,655,420"",""Market"":""Domestic"",""Release Date"":""Jan 1, 2000""},{""Gross"":""$392,458"",""Market"":""Spain"",""Release Date"":""Jul 14, 2000""},{""Gross"":""$1,160,024"",""Market"":""Australia"",""Release Date"":""Jun 1, 2000""}]","[""Animation"",""Family"",""Fantasy"",""Music""]"
52,Autumn in New York,"$90,726,668",/releasegroup/gr1152012805/?ref_=bo_ydw_table_52,"[{""Gross"":""$37,761,915"",""Market"":""Domestic"",""Release Date"":""Aug 11, 2000""},{""Gross"":""$602,831"",""Market"":""Australia"",""Release Date"":""Nov 23, 2000""}]","[""Drama"",""Romance""]"
53,Bring It On,"$90,449,929",/releasegroup/gr4078850565/?ref_=bo_ydw_table_53,"[{""Gross"":""$68,379,000"",""Market"":""Domestic"",""Release Date"":""Aug 25, 2000""},{""Gross"":""$4,340"",""Market"":""Czech Republic"",""Release Date"":""May 31, 2001""},{""Gross"":""$241,094"",""Market"":""Denmark"",""Release Date"":""Jan 26, 2001""},{""Gross"":""$97,025"",""Market"":""Iceland"",""Release Date"":""Jan 1, 2001""},{""Gross"":""$2,518,155"",""Market"":""United Kingdom""},{""Gross"":""$3,320,888"",""Market"":""Australia"",""Release Date"":""Dec 14, 2000""}]","[""Comedy"",""Romance"",""Sport""]"
54,Bedazzled,"$90,383,208",/releasegroup/gr719278597/?ref_=bo_ydw_table_54,"[{""Gross"":""$37,886,980"",""Market"":""Domestic"",""Release Date"":""Oct 20, 2000""},{""Gross"":""$1,140,204"",""Market"":""Austria"",""Release Date"":""Jan 19, 2001""},{""Gross"":""$93,543"",""Market"":""Czech Republic"",""Release Date"":""Mar 29, 2001""},{""Gross"":""$288,125"",""Market"":""Denmark"",""Release Date"":""Feb 9, 2001""},{""Gross"":""$8,397,799"",""Market"":""Germany"",""Release Date"":""Jan 18, 2001""},{""Gross"":""$100,562"",""Market"":""Iceland"",""Release Date"":""Oct 27, 2000""},{""Gross"":""$2,379,481"",""Market"":""Australia"",""Release Date"":""Jan 25, 2001""}]","[""Comedy"",""Fantasy""]"
55,Snatch,"$83,557,872",/releasegroup/gr2721534469/?ref_=bo_ydw_table_55,"[{""Gross"":""$30,328,156"",""Market"":""Domestic"",""Release Date"":""Dec 8, 2000""},{""Gross"":""$216,861"",""Market"":""Austria"",""Release Date"":""Mar 23, 2001""},{""Gross"":""$387,030"",""Market"":""Denmark"",""Release Date"":""Jan 12, 2001""},{""Gross"":""$1,593,551"",""Market"":""Germany"",""Release Date"":""Mar 22, 2001""},{""Gross"":""$35,915"",""Market"":""Iceland"",""Release Date"":""Nov 10, 2000""},{""Gross"":""$15,455,127"",""Market"":""United Kingdom""},{""Gross"":""$2,838,620"",""Market"":""Australia"",""Release Date"":""Nov 9, 2000""}]","[""Comedy"",""Crime""]"
56,Men of Honor,"$82,343,495",/releasegroup/gr3981857285/?ref_=bo_ydw_table_56,"[{""Gross"":""$48,818,921"",""Market"":""Domestic"",""Release Date"":""Nov 10, 2000""},{""Gross"":""$1,346,522"",""Market"":""Germany"",""Release Date"":""May 10, 2001""},{""Gross"":""$1,913,244"",""Market"":""United Kingdom"",""Release Date"":""Mar 30, 2001""},{""Gross"":""$1,424,842"",""Market"":""Australia"",""Release Date"":""Feb 22, 2001""}]","[""Biography"",""Drama""]"
57,Finding Forrester,"$80,049,764",/releasegroup/gr2605994501/?ref_=bo_ydw_table_57,"[{""Gross"":""$51,804,714"",""Market"":""Domestic"",""Release Date"":""Dec 22, 2000""},{""Gross"":""$324,163"",""Market"":""Austria"",""Release Date"":""Mar 2, 2001""},{""Gross"":""$22,043"",""Market"":""Czech Republic"",""Release Date"":""Mar 22, 2001""},{""Gross"":""$138,015"",""Market"":""Denmark"",""Release Date"":""Apr 13, 2001""},{""Gross"":""$3,402,648"",""Market"":""Germany"",""Release Date"":""Mar 1, 2001""},{""Gross"":""$15,500"",""Market"":""Iceland"",""Release Date"":""Mar 30, 2001""},{""Gross"":""$1,060,099"",""Market"":""United Kingdom"",""Release Date"":""Jan 23, 2001""},{""Gross"":""$1,841,639"",""Market"":""Australia"",""Release Date"":""Mar 29, 2001""}]","[""Drama""]"
58,The Road to El Dorado,"$76,432,727",/releasegroup/gr2909295109/?ref_=bo_ydw_table_58,"[{""Gross"":""$50,863,742"",""Market"":""Domestic"",""Release Date"":""Mar 31, 2000""},{""Gross"":""$96,454"",""Market"":""Iceland"",""Release Date"":""Jan 19, 2001""}]","[""Adventure"",""Animation"",""Comedy"",""Family"",""Fantasy"",""Musical""]"
59,"Dude, Where's My Car?","$73,180,723",/releasegroup/gr205738501/?ref_=bo_ydw_table_59,"[{""Gross"":""$46,729,800"",""Market"":""Domestic"",""Release Date"":""Dec 15, 2000""},{""Gross"":""$375,135"",""Market"":""Austria"",""Release Date"":""Mar 30, 2001""},{""Gross"":""$4,971"",""Market"":""Czech Republic"",""Release Date"":""Feb 22, 2001""},{""Gross"":""$278,962"",""Market"":""Denmark"",""Release Date"":""Apr 20, 2001""},{""Gross"":""$4,154,045"",""Market"":""Germany"",""Release Date"":""Mar 22, 2001""},{""Gross"":""$100,237"",""Market"":""Iceland"",""Release Date"":""Feb 9, 2001""},{""Gross"":""$4,448,837"",""Market"":""United Kingdom"",""Release Date"":""Jan 9, 2001""},{""Gross"":""$3,177,365"",""Market"":""Australia"",""Release Date"":""Mar 29, 2001""}]","[""Comedy"",""Mystery"",""Sci-Fi""]"
60,"O Brother, Where Art Thou?","$71,868,327",/releasegroup/gr1321947653/?ref_=bo_ydw_table_60,"[{""Gross"":""$45,512,588"",""Market"":""Domestic"",""Release Date"":""Dec 22, 2000""},{""Gross"":""$4,827"",""Market"":""Czech Republic"",""Release Date"":""Mar 22, 2001""},{""Gross"":""$2,557,794"",""Market"":""France"",""Release Date"":""Aug 30, 2000""},{""Gross"":""$1,818,946"",""Market"":""Germany"",""Release Date"":""Oct 19, 2000""},{""Gross"":""$68,385"",""Market"":""Iceland"",""Release Date"":""Feb 9, 2001""},{""Gross"":""$1,993,353"",""Market"":""Italy"",""Release Date"":""Nov 10, 2000""},{""Gross"":""$2,418,654"",""Market"":""Spain"",""Release Date"":""Oct 6, 2000""},{""Gross"":""$1,032,108"",""Market"":""Australia"",""Release Date"":""Dec 22, 2000""}]","[""Comedy"",""Crime"",""Drama"",""Music""]"
61,Rules of Engagement,"$71,732,303",/releasegroup/gr2968080901/?ref_=bo_ydw_table_61,"[{""Gross"":""$61,335,230"",""Market"":""Domestic"",""Release Date"":""Apr 7, 2000""}]","[""Drama"",""Thriller"",""War""]"
62,Frequency,"$68,106,245",/releasegroup/gr348344837/?ref_=bo_ydw_table_62,"[{""Gross"":""$45,010,278"",""Market"":""Domestic"",""Release Date"":""Apr 28, 2000""}]","[""Crime"",""Drama"",""Mystery"",""Sci-Fi"",""Thriller""]"
63,Thirteen Days,"$66,579,890",/releasegroup/gr2081182213/?ref_=bo_ydw_table_63,"[{""Gross"":""$34,592,089"",""Market"":""Domestic"",""Release Date"":""Dec 22, 2000""},{""Gross"":""$361,950"",""Market"":""Austria"",""Release Date"":""Mar 23, 2001""},{""Gross"":""$149,148"",""Market"":""Denmark"",""Release Date"":""Mar 9, 2001""},{""Gross"":""$542,948"",""Market"":""France"",""Release Date"":""Oct 10, 2001""},{""Gross"":""$2,644,882"",""Market"":""Germany"",""Release Date"":""Mar 22, 2001""},{""Gross"":""$1,371,073"",""Market"":""United Kingdom"",""Release Date"":""Mar 16, 2001""},{""Gross"":""$1,422,838"",""Market"":""Australia"",""Release Date"":""May 3, 2001""}]","[""Drama"",""History"",""Thriller""]"
64,Proof of Life,"$62,761,005",/releasegroup/gr2578141701/?ref_=bo_ydw_table_64,"[{""Gross"":""$32,598,931"",""Market"":""Domestic"",""Release Date"":""Dec 8, 2000""},{""Gross"":""$63,750"",""Market"":""Austria"",""Release Date"":""Apr 6, 2001""},{""Gross"":""$53,664"",""Market"":""Czech Republic"",""Release Date"":""Mar 22, 2001""},{""Gross"":""$311,901"",""Market"":""Denmark"",""Release Date"":""Mar 9, 2001""},{""Gross"":""$392,013"",""Market"":""Germany"",""Release Date"":""Mar 22, 2001""},{""Gross"":""$61,260"",""Market"":""Iceland"",""Release Date"":""Mar 9, 2001""},{""Gross"":""$3,748,683"",""Market"":""United Kingdom"",""Release Date"":""Mar 2, 2001""},{""Gross"":""$2,278,079"",""Market"":""Australia"",""Release Date"":""Mar 1, 2001""}]","[""Action"",""Drama"",""Thriller""]"
65,Snow Day,"$62,464,731",/releasegroup/gr1531793925/?ref_=bo_ydw_table_65,"[{""Gross"":""$60,020,107"",""Market"":""Domestic"",""Release Date"":""Feb 11, 2000""}]","[""Adventure"",""Comedy"",""Family""]"
66,"28 Days","$62,198,945",/releasegroup/gr3826471429/?ref_=bo_ydw_table_66,"[{""Gross"":""$37,170,488"",""Market"":""Domestic"",""Release Date"":""Apr 14, 2000""},{""Gross"":""$857,279"",""Market"":""Germany"",""Release Date"":""May 4, 2000""}]","[""Comedy"",""Drama""]"
67,Taxi 2,"$60,726,164",/releasegroup/gr4139930117/?ref_=bo_ydw_table_67,"[{""Gross"":""$626,164"",""Market"":""Domestic"",""Release Date"":""Oct 6, 2000""},{""Gross"":""$64,827"",""Market"":""Czech Republic"",""Release Date"":""May 31, 2001""},{""Gross"":""$260,029"",""Market"":""Mexico"",""Release Date"":""Dec 14, 2001""}]","[""Action"",""Comedy"",""Crime""]"
68,Keeping the Faith,"$59,945,183",/releasegroup/gr2771210757/?ref_=bo_ydw_table_68,"[{""Gross"":""$37,047,880"",""Market"":""Domestic"",""Release Date"":""Apr 14, 2000""}]","[""Comedy"",""Drama"",""Romance""]"
69,Next Friday,"$59,827,328",/releasegroup/gr2517193221/?ref_=bo_ydw_table_69,"[{""Gross"":""$57,328,603"",""Market"":""Domestic"",""Release Date"":""Jan 12, 2000""}]","[""Comedy""]"
70,The Flintstones in Viva Rock Vegas,"$59,468,275",/releasegroup/gr2041270789/?ref_=bo_ydw_table_70,"[{""Gross"":""$35,268,275"",""Market"":""Domestic"",""Release Date"":""Apr 28, 2000""}]","[""Comedy"",""Family"",""Romance"",""Sci-Fi""]"
71,Little Nicky,"$58,292,295",/releasegroup/gr1806193157/?ref_=bo_ydw_table_71,"[{""Gross"":""$39,464,775"",""Market"":""Domestic"",""Release Date"":""Nov 10, 2000""},{""Gross"":""$331,939"",""Market"":""Austria"",""Release Date"":""Feb 23, 2001""},{""Gross"":""$5,507"",""Market"":""Czech Republic"",""Release Date"":""May 17, 2001""},{""Gross"":""$26,267"",""Market"":""Denmark"",""Release Date"":""Dec 16, 2000""},{""Gross"":""$1,724,404"",""Market"":""Germany"",""Release Date"":""Feb 22, 2001""},{""Gross"":""$1,978,618"",""Market"":""United Kingdom""},{""Gross"":""$1,794,298"",""Market"":""Australia"",""Release Date"":""Dec 22, 2000""}]","[""Comedy"",""Fantasy""]"
72,Pay It Forward,"$55,707,411",/releasegroup/gr376197637/?ref_=bo_ydw_table_72,"[{""Gross"":""$33,519,628"",""Market"":""Domestic"",""Release Date"":""Oct 20, 2000""},{""Gross"":""$31,309"",""Market"":""Austria"",""Release Date"":""Apr 6, 2001""},{""Gross"":""$13,686"",""Market"":""Czech Republic"",""Release Date"":""Feb 22, 2001""},{""Gross"":""$126,918"",""Market"":""Germany"",""Release Date"":""Apr 5, 2001""},{""Gross"":""$930,690"",""Market"":""United Kingdom"",""Release Date"":""Jan 26, 2001""},{""Gross"":""$1,376,155"",""Market"":""Australia"",""Release Date"":""Feb 22, 2001""}]","[""Drama""]"
73,Bounce,"$53,425,292",/releasegroup/gr154948101/?ref_=bo_ydw_table_73,"[{""Gross"":""$36,805,288"",""Market"":""Domestic"",""Release Date"":""Nov 17, 2000""},{""Gross"":""$199,265"",""Market"":""Austria"",""Release Date"":""Feb 2, 2001""},{""Gross"":""$14,782"",""Market"":""Czech Republic"",""Release Date"":""Jun 7, 2001""},{""Gross"":""$1,327,888"",""Market"":""Germany"",""Release Date"":""Feb 1, 2001""},{""Gross"":""$3,732"",""Market"":""Iceland"",""Release Date"":""Apr 6, 2001""},{""Gross"":""$859,543"",""Market"":""United Kingdom"",""Release Date"":""Jan 19, 2001""},{""Gross"":""$895,187"",""Market"":""Australia"",""Release Date"":""Mar 8, 2001""}]","[""Drama"",""Romance""]"
74,Pitch Black,"$53,187,659",/releasegroup/gr742085125/?ref_=bo_ydw_table_74,"[{""Gross"":""$39,240,659"",""Market"":""Domestic"",""Release Date"":""Feb 18, 2000""}]","[""Action"",""Horror"",""Sci-Fi"",""Thriller""]"
75,Hanging Up,"$51,880,044",/releasegroup/gr1946636805/?ref_=bo_ydw_table_75,"[{""Gross"":""$36,050,230"",""Market"":""Domestic"",""Release Date"":""Feb 18, 2000""}]","[""Comedy"",""Drama""]"
76,The Skulls,"$50,802,120",/releasegroup/gr605311493/?ref_=bo_ydw_table_76,"[{""Gross"":""$35,046,120"",""Market"":""Domestic"",""Release Date"":""Mar 31, 2000""}]","[""Action"",""Crime"",""Drama"",""Thriller""]"
77,The Replacements,"$50,054,511",/releasegroup/gr1415139845/?ref_=bo_ydw_table_77,"[{""Gross"":""$44,737,059"",""Market"":""Domestic"",""Release Date"":""Aug 11, 2000""},{""Gross"":""$63,701"",""Market"":""Austria"",""Release Date"":""Jun 22, 2001""},{""Gross"":""$730,318"",""Market"":""Germany"",""Release Date"":""Jun 21, 2001""},{""Gross"":""$18,076"",""Market"":""Iceland"",""Release Date"":""Jan 19, 2001""},{""Gross"":""$738,417"",""Market"":""Australia"",""Release Date"":""Nov 9, 2000""}]","[""Comedy"",""Sport""]"
78,Book of Shadows: Blair Witch 2,"$47,737,094",/releasegroup/gr1813860869/?ref_=bo_ydw_table_78,"[{""Gross"":""$26,437,094"",""Market"":""Domestic"",""Release Date"":""Oct 27, 2000""},{""Gross"":""$32,705"",""Market"":""Czech Republic"",""Release Date"":""May 10, 2001""},{""Gross"":""$29,219"",""Market"":""Iceland"",""Release Date"":""Jan 26, 2001""},{""Gross"":""$485,651"",""Market"":""Australia"",""Release Date"":""Jan 11, 2001""}]","[""Adventure"",""Fantasy"",""Horror"",""Mystery"",""Thriller""]"
79,Almost Famous,"$47,383,689",/releasegroup/gr2668581381/?ref_=bo_ydw_table_79,"[{""Gross"":""$32,534,850"",""Market"":""Domestic"",""Release Date"":""Sep 15, 2000""},{""Gross"":""$27,412"",""Market"":""Czech Republic"",""Release Date"":""Apr 12, 2001""},{""Gross"":""$705,008"",""Market"":""Germany"",""Release Date"":""May 3, 2001""},{""Gross"":""$34,649"",""Market"":""Iceland"",""Release Date"":""Mar 9, 2001""},{""Gross"":""$1,781,713"",""Market"":""United Kingdom"",""Release Date"":""Jan 9, 2001""},{""Gross"":""$2,234,126"",""Market"":""Australia""}]","[""Adventure"",""Comedy"",""Drama"",""Music""]"
80,The Watcher,"$47,267,829",/releasegroup/gr1512002053/?ref_=bo_ydw_table_80,"[{""Gross"":""$28,946,615"",""Market"":""Domestic"",""Release Date"":""Sep 8, 2000""},{""Gross"":""$292,928"",""Market"":""Austria"",""Release Date"":""Jan 19, 2001""},{""Gross"":""$101,865"",""Market"":""Denmark"",""Release Date"":""Jul 27, 2001""},{""Gross"":""$1,266,930"",""Market"":""Germany"",""Release Date"":""Jan 18, 2001""},{""Gross"":""$3,037,400"",""Market"":""Italy"",""Release Date"":""Sep 17, 2000""},{""Gross"":""$1,600,469"",""Market"":""United Kingdom"",""Release Date"":""Mar 9, 2001""},{""Gross"":""$369,717"",""Market"":""Australia"",""Release Date"":""Mar 1, 2001""}]","[""Crime"",""Drama"",""Mystery"",""Thriller""]"
81,High Fidelity,"$47,126,295",/releasegroup/gr3559084549/?ref_=bo_ydw_table_81,"[{""Gross"":""$27,287,137"",""Market"":""Domestic"",""Release Date"":""Mar 31, 2000""},{""Gross"":"""",""Market"":""Australia""}]","[""Comedy"",""Drama"",""Music"",""Romance""]"
82,Dracula 2000,"$47,053,625",/releasegroup/gr2648658437/?ref_=bo_ydw_table_82,"[{""Gross"":""$33,022,767"",""Market"":""Domestic"",""Release Date"":""Dec 22, 2000""},{""Gross"":""$34,855"",""Market"":""Czech Republic"",""Release Date"":""Sep 20, 2001""},{""Gross"":""$14,863"",""Market"":""Denmark"",""Release Date"":""Jul 6, 2001""},{""Gross"":""$1,935,909"",""Market"":""Germany"",""Release Date"":""Apr 26, 2001""},{""Gross"":""$691,890"",""Market"":""Australia"",""Release Date"":""Mar 15, 2001""}]","[""Action"",""Fantasy"",""Horror"",""Thriller""]"
83,The Gift,"$44,567,606",/releasegroup/gr186012165/?ref_=bo_ydw_table_83,"[{""Gross"":""$12,008,642"",""Market"":""Domestic"",""Release Date"":""Dec 22, 2000""},{""Gross"":""$359,068"",""Market"":""Austria"",""Release Date"":""Oct 5, 2001""},{""Gross"":""$14,717"",""Market"":""Bulgaria"",""Release Date"":""Jan 11, 2002""},{""Gross"":""$30,694"",""Market"":""Czech Republic"",""Release Date"":""Jul 26, 2001""},{""Gross"":""$232,960"",""Market"":""Denmark"",""Release Date"":""May 18, 2001""},{""Gross"":""$45,472"",""Market"":""Egypt"",""Release Date"":""May 22, 2002""},{""Gross"":""$1,055,129"",""Market"":""Germany"",""Release Date"":""Oct 4, 2001""},{""Gross"":""$47,473"",""Market"":""Iceland"",""Release Date"":""Mar 16, 2001""},{""Gross"":""$6,024,362"",""Market"":""United Kingdom"",""Release Date"":""Mar 2, 2001""},{""Gross"":""$1,410,978"",""Market"":""Brazil"",""Release Date"":""Aug 31, 2001""},{""Gross"":""$2,928,203"",""Market"":""Australia"",""Release Date"":""Apr 12, 2001""}]","[""Drama"",""Fantasy"",""Horror"",""Mystery""]"
84,Where the Heart Is,"$40,863,718",/releasegroup/gr4266217989/?ref_=bo_ydw_table_84,"[{""Gross"":""$33,772,838"",""Market"":""Domestic"",""Release Date"":""Apr 28, 2000""}]","[""Comedy"",""Drama"",""Romance""]"
85,Bless the Child,"$40,443,010",/releasegroup/gr3525005829/?ref_=bo_ydw_table_85,"[{""Gross"":""$29,381,494"",""Market"":""Domestic"",""Release Date"":""Aug 11, 2000""},{""Gross"":""$54,022"",""Market"":""Austria"",""Release Date"":""Jan 26, 2001""},{""Gross"":""$1,344,988"",""Market"":""United Kingdom"",""Release Date"":""Jan 5, 2001""}]","[""Crime"",""Drama"",""Horror"",""Thriller""]"
86,The Art of War,"$40,400,425",/releasegroup/gr2896777733/?ref_=bo_ydw_table_86,"[{""Gross"":""$30,208,599"",""Market"":""Domestic"",""Release Date"":""Aug 25, 2000""},{""Gross"":""$10,552"",""Market"":""Czech Republic"",""Release Date"":""Mar 15, 2001""},{""Gross"":""$25,423"",""Market"":""Iceland"",""Release Date"":""Nov 17, 2000""}]","[""Action"",""Adventure"",""Crime"",""Thriller""]"
87,Dancer in the Dark,"$40,031,879",/releasegroup/gr1206014469/?ref_=bo_ydw_table_87,"[{""Gross"":""$4,184,036"",""Market"":""Domestic"",""Release Date"":""Sep 22, 2000""},{""Gross"":""$48,476"",""Market"":""Australia"",""Release Date"":""Jan 1, 2001""},{""Gross"":""$500,000"",""Market"":""Russia/CIS""},{""Gross"":""$133"",""Market"":""South Korea"",""Release Date"":""Feb 24, 2001""}]","[""Crime"",""Drama"",""Musical""]"
88,The Legend of Bagger Vance,"$39,459,427",/releasegroup/gr3288289797/?ref_=bo_ydw_table_88,"[{""Gross"":""$30,919,168"",""Market"":""Domestic"",""Release Date"":""Nov 3, 2000""},{""Gross"":""$119,260"",""Market"":""Austria"",""Release Date"":""Feb 2, 2001""},{""Gross"":""$6,105"",""Market"":""Czech Republic"",""Release Date"":""May 24, 2001""},{""Gross"":""$1,263,465"",""Market"":""Germany"",""Release Date"":""Feb 1, 2001""},{""Gross"":""$234,968"",""Market"":""United Kingdom""},{""Gross"":""$304,630"",""Market"":""Australia"",""Release Date"":""Feb 8, 2001""}]","[""Drama"",""Fantasy"",""Sport""]"
89,Urban Legends: Final Cut,"$38,574,362",/releasegroup/gr1443844613/?ref_=bo_ydw_table_89,"[{""Gross"":""$21,468,807"",""Market"":""Domestic"",""Release Date"":""Sep 22, 2000""},{""Gross"":""$478,483"",""Market"":""Austria"",""Release Date"":""Jan 5, 2001""},{""Gross"":""$3,190,336"",""Market"":""Germany"",""Release Date"":""Jan 4, 2001""}]","[""Horror"",""Mystery""]"
90,The Original Kings of Comedy,"$38,182,790",/releasegroup/gr2485408261/?ref_=bo_ydw_table_90,"[{""Gross"":""$38,182,790"",""Market"":""Domestic"",""Release Date"":""Aug 18, 2000""}]","[""Comedy"",""Documentary""]"
91,Titan A.E.,"$36,754,634",/releasegroup/gr2851295749/?ref_=bo_ydw_table_91,"[{""Gross"":""$22,753,426"",""Market"":""Domestic"",""Release Date"":""Jun 16, 2000""}]","[""Action"",""Adventure"",""Animation"",""Family"",""Sci-Fi""]"
92,Return to Me,"$36,609,995",/releasegroup/gr2286768645/?ref_=bo_ydw_table_92,"[{""Gross"":""$32,722,798"",""Market"":""Domestic"",""Release Date"":""Apr 7, 2000""}]","[""Comedy"",""Drama"",""Romance""]"
93,My Dog Skip,"$35,547,761",/releasegroup/gr3661255173/?ref_=bo_ydw_table_93,"[{""Gross"":""$34,134,641"",""Market"":""Domestic"",""Release Date"":""Jan 14, 2000""}]","[""Comedy"",""Drama"",""Family""]"
94,The Adventures of Rocky & Bullwinkle,"$35,134,820",/releasegroup/gr4094054917/?ref_=bo_ydw_table_94,"[{""Gross"":""$26,005,820"",""Market"":""Domestic"",""Release Date"":""Jun 30, 2000""},{""Gross"":""$6,876"",""Market"":""Iceland"",""Release Date"":""Mar 9, 2001""},{""Gross"":""$6,139,324"",""Market"":""United Kingdom"",""Release Date"":""Jan 9, 2001""},{""Gross"":""$839,154"",""Market"":""Australia"",""Release Date"":""Jan 11, 2001""}]","[""Adventure"",""Comedy"",""Family"",""Fantasy""]"
95,American Psycho,"$34,266,564",/releasegroup/gr3965604357/?ref_=bo_ydw_table_95,"[{""Gross"":""$15,070,285"",""Market"":""Domestic"",""Release Date"":""Apr 14, 2000""}]","[""Crime"",""Drama"",""Horror""]"
96,Dungeons & Dragons,"$33,978,694",/releasegroup/gr2143506949/?ref_=bo_ydw_table_96,"[{""Gross"":""$15,391,970"",""Market"":""Domestic"",""Release Date"":""Dec 8, 2000""},{""Gross"":""$27,990"",""Market"":""Czech Republic"",""Release Date"":""May 10, 2001""},{""Gross"":""$1,653,807"",""Market"":""Germany"",""Release Date"":""Apr 11, 2001""},{""Gross"":""$60,913"",""Market"":""Italy"",""Release Date"":""Apr 12, 2002""},{""Gross"":""$2,790,809"",""Market"":""United Kingdom"",""Release Date"":""Feb 16, 2001""},{""Gross"":""$830,945"",""Market"":""Australia"",""Release Date"":""Jan 18, 2001""},{""Gross"":""$19,253"",""Market"":""Hong Kong"",""Release Date"":""Sep 13, 2001""}]","[""Action"",""Adventure"",""Fantasy""]"
97,Red Planet,"$33,463,969",/releasegroup/gr4249047557/?ref_=bo_ydw_table_97,"[{""Gross"":""$17,480,890"",""Market"":""Domestic"",""Release Date"":""Nov 10, 2000""},{""Gross"":""$182,814"",""Market"":""Austria"",""Release Date"":""Mar 2, 2001""},{""Gross"":""$1,322,391"",""Market"":""Germany"",""Release Date"":""Mar 1, 2001""},{""Gross"":""$433,118"",""Market"":""Australia"",""Release Date"":""Dec 7, 2000""}]","[""Action"",""Sci-Fi"",""Thriller""]"
98,Wonder Boys,"$33,426,588",/releasegroup/gr1256739333/?ref_=bo_ydw_table_98,"[{""Gross"":""$19,393,557"",""Market"":""Domestic"",""Release Date"":""Feb 23, 2000""},{""Gross"":""$42,360"",""Market"":""Iceland"",""Release Date"":""Feb 2, 2001""}]","[""Comedy"",""Drama""]"
99,Reindeer Games,"$32,168,970",/releasegroup/gr1037586949/?ref_=bo_ydw_table_99,"[{""Gross"":""$23,368,995"",""Market"":""Domestic"",""Release Date"":""Feb 25, 2000""},{""Gross"":""$251,486"",""Market"":""Germany"",""Release Date"":""Dec 7, 2000""}]","[""Action"",""Crime"",""Thriller""]"
100,Lost Souls,"$31,355,910",/releasegroup/gr2154123781/?ref_=bo_ydw_table_100,"[{""Gross"":""$16,815,253"",""Market"":""Domestic"",""Release Date"":""Oct 13, 2000""},{""Gross"":""$60,138"",""Market"":""Austria"",""Release Date"":""Jan 19, 2001""},{""Gross"":""$585,106"",""Market"":""United Kingdom"",""Release Date"":""Jan 12, 2001""},{""Gross"":""$101,331"",""Market"":""Australia"",""Release Date"":""Apr 24, 2001""}]","[""Drama"",""Horror"",""Thriller""]"
101,Small Time Crooks,"$29,934,477",/releasegroup/gr2020692485/?ref_=bo_ydw_table_101,"[{""Gross"":""$17,266,359"",""Market"":""Domestic"",""Release Date"":""May 19, 2000""},{""Gross"":""$28,532"",""Market"":""Denmark"",""Release Date"":""Aug 31, 2001""},{""Gross"":""$495,413"",""Market"":""Germany"",""Release Date"":""Nov 30, 2000""},{""Gross"":""$60,840"",""Market"":""Hungary"",""Release Date"":""Nov 29, 2001""},{""Gross"":""$168,064"",""Market"":""Brazil"",""Release Date"":""Jan 11, 2002""},{""Gross"":""$21,716"",""Market"":""Chile"",""Release Date"":""Aug 1, 2002""},{""Gross"":""$315,557"",""Market"":""Australia"",""Release Date"":""Jan 25, 2001""}]","[""Comedy"",""Crime""]"
102,Battlefield Earth,"$29,725,663",/releasegroup/gr1104302597/?ref_=bo_ydw_table_102,"[{""Gross"":""$21,471,685"",""Market"":""Domestic"",""Release Date"":""May 12, 2000""}]","[""Action"",""Adventure"",""Sci-Fi""]"
103,Nurse Betty,"$29,360,400",/releasegroup/gr1662276101/?ref_=bo_ydw_table_103,"[{""Gross"":""$25,170,054"",""Market"":""Domestic"",""Release Date"":""Sep 8, 2000""},{""Gross"":""$8,386"",""Market"":""Iceland"",""Release Date"":""Nov 17, 2000""},{""Gross"":""$25,880"",""Market"":""Brazil"",""Release Date"":""Sep 14, 2001""},{""Gross"":""$751,234"",""Market"":""Australia"",""Release Date"":""Aug 23, 2001""}]","[""Comedy"",""Crime"",""Drama"",""Romance""]"
104,Boiler Room,"$28,780,255",/releasegroup/gr593580549/?ref_=bo_ydw_table_104,"[{""Gross"":""$16,970,581"",""Market"":""Domestic"",""Release Date"":""Feb 18, 2000""}]","[""Crime"",""Drama"",""Thriller""]"
105,The Little Vampire,"$27,965,865",/releasegroup/gr1699172869/?ref_=bo_ydw_table_105,"[{""Gross"":""$13,572,400"",""Market"":""Domestic"",""Release Date"":""Oct 27, 2000""},{""Gross"":""$33,420"",""Market"":""Iceland"",""Release Date"":""Feb 23, 2001""},{""Gross"":""$187,645"",""Market"":""Italy"",""Release Date"":""Feb 8, 2002""},{""Gross"":""$4,794"",""Market"":""United Kingdom"",""Release Date"":""Oct 30, 2020""},{""Gross"":""$204,822"",""Market"":""Australia"",""Release Date"":""Apr 5, 2001""}]","[""Adventure"",""Comedy"",""Family"",""Fantasy""]"
106,Love & Basketball,"$27,728,118",/releasegroup/gr1678463493/?ref_=bo_ydw_table_106,"[{""Gross"":""$27,459,615"",""Market"":""Domestic"",""Release Date"":""Apr 21, 2000""}]","[""Drama"",""Romance"",""Sport""]"
107,Cirque du Soleil: Journey of Man,"$27,538,359",/releasegroup/gr3169997317/?ref_=bo_ydw_table_107,"[{""Gross"":""$15,627,434"",""Market"":""Domestic"",""Release Date"":""May 5, 2000""},{""Gross"":""$2,302,004"",""Market"":""Australia""}]","[""Drama"",""Family"",""Fantasy"",""Musical"",""Short""]"
108,Center Stage,"$26,385,941",/releasegroup/gr2732478981/?ref_=bo_ydw_table_108,"[{""Gross"":""$17,200,925"",""Market"":""Domestic"",""Release Date"":""May 12, 2000""}]","[""Drama"",""Music"",""Romance""]"
109,Saving Grace,"$26,330,482",/releasegroup/gr1497059845/?ref_=bo_ydw_table_109,"[{""Gross"":""$12,178,602"",""Market"":""Domestic"",""Release Date"":""Aug 4, 2000""},{""Gross"":""$54,680"",""Market"":""Czech Republic"",""Release Date"":""May 24, 2001""},{""Gross"":""$125,064"",""Market"":""Brazil"",""Release Date"":""Aug 10, 2001""},{""Gross"":""$922,219"",""Market"":""Australia"",""Release Date"":""Oct 12, 2000""}]","[""Comedy"",""Crime""]"
110,Boys and Girls,"$25,850,615",/releasegroup/gr309547525/?ref_=bo_ydw_table_110,"[{""Gross"":""$21,799,652"",""Market"":""Domestic"",""Release Date"":""Jun 16, 2000""}]","[""Comedy"",""Drama"",""Romance""]"
111,Down to You,"$24,419,914",/releasegroup/gr3613217285/?ref_=bo_ydw_table_111,"[{""Gross"":""$20,069,008"",""Market"":""Domestic"",""Release Date"":""Jan 21, 2000""}]","[""Comedy"",""Drama"",""Romance""]"
112,The Next Best Thing,"$24,362,772",/releasegroup/gr1307005445/?ref_=bo_ydw_table_112,"[{""Gross"":""$14,990,582"",""Market"":""Domestic"",""Release Date"":""Mar 3, 2000""}]","[""Comedy"",""Drama"",""Romance""]"
113,Dr. T & the Women,"$22,844,291",/releasegroup/gr2474004997/?ref_=bo_ydw_table_113,"[{""Gross"":""$13,113,041"",""Market"":""Domestic"",""Release Date"":""Oct 13, 2000""},{""Gross"":""$121,370"",""Market"":""Austria"",""Release Date"":""Jan 26, 2001""},{""Gross"":""$12,911"",""Market"":""Czech Republic"",""Release Date"":""Jul 19, 2001""},{""Gross"":""$87,077"",""Market"":""Denmark"",""Release Date"":""Jan 5, 2001""},{""Gross"":""$589,249"",""Market"":""Germany"",""Release Date"":""Jan 25, 2000""},{""Gross"":""$4,057"",""Market"":""Iceland"",""Release Date"":""Mar 2, 2001""},{""Gross"":""$44,919"",""Market"":""United Kingdom"",""Release Date"":""Jul 6, 2001""},{""Gross"":""$19,277"",""Market"":""Australia"",""Release Date"":""Mar 8, 2001""}]","[""Comedy"",""Drama"",""Romance""]"
114,The Contender,"$22,361,811",/releasegroup/gr3166786053/?ref_=bo_ydw_table_114,"[{""Gross"":""$17,872,723"",""Market"":""Domestic"",""Release Date"":""Oct 13, 2000""},{""Gross"":""$459,179"",""Market"":""United Kingdom"",""Release Date"":""Apr 20, 2001""},{""Gross"":""$203,388"",""Market"":""Australia"",""Release Date"":""Mar 22, 2001""}]","[""Drama"",""Thriller""]"
115,Michael Jordan to the Max,"$21,268,532",/releasegroup/gr3077198341/?ref_=bo_ydw_table_115,"[{""Gross"":""$18,650,521"",""Market"":""Domestic"",""Release Date"":""May 5, 2000""},{""Gross"":""$54"",""Market"":""United Kingdom"",""Release Date"":""Oct 30, 2020""},{""Gross"":""$392,408"",""Market"":""Australia"",""Release Date"":""Sep 7, 2000""}]","[""Documentary"",""Sport""]"
116,Best in Show,"$20,789,556",/releasegroup/gr3370340869/?ref_=bo_ydw_table_116,"[{""Gross"":""$18,715,392"",""Market"":""Domestic"",""Release Date"":""Sep 29, 2000""},{""Gross"":""$436,614"",""Market"":""United Kingdom"",""Release Date"":""Mar 9, 2001""},{""Gross"":""$837,999"",""Market"":""Australia"",""Release Date"":""Apr 12, 2001""}]","[""Comedy""]"
117,Thomas and the Magic Railroad,"$19,748,009",/releasegroup/gr2968605189/?ref_=bo_ydw_table_117,"[{""Gross"":""$15,933,506"",""Market"":""Domestic"",""Release Date"":""Jul 26, 2000""},{""Gross"":""$378,150"",""Market"":""Australia"",""Release Date"":""Dec 14, 2000""}]","[""Adventure"",""Comedy"",""Drama"",""Family"",""Fantasy""]"
118,Get Carter,"$19,412,993",/releasegroup/gr2687455749/?ref_=bo_ydw_table_118,"[{""Gross"":""$14,967,182"",""Market"":""Domestic"",""Release Date"":""Oct 6, 2000""},{""Gross"":""$32,680"",""Market"":""Bulgaria"",""Release Date"":""Oct 5, 2001""},{""Gross"":""$69,405"",""Market"":""Czech Republic"",""Release Date"":""Nov 15, 2001""},{""Gross"":""$227,427"",""Market"":""France"",""Release Date"":""Nov 21, 2001""},{""Gross"":""$536,705"",""Market"":""Germany"",""Release Date"":""Aug 16, 2001""},{""Gross"":""$194,013"",""Market"":""Australia"",""Release Date"":""Feb 1, 2001""}]","[""Action"",""Crime"",""Drama"",""Thriller""]"
119,The Ninth Gate,"$18,661,336",/releasegroup/gr852709893/?ref_=bo_ydw_table_119,"[{""Gross"":""$18,661,336"",""Market"":""Domestic"",""Release Date"":""Mar 10, 2000""}]","[""Mystery"",""Thriller""]"
120,Loser,"$18,404,706",/releasegroup/gr718688773/?ref_=bo_ydw_table_120,"[{""Gross"":""$15,618,626"",""Market"":""Domestic"",""Release Date"":""Jul 21, 2000""}]","[""Comedy"",""Romance""]"
121,All the Pretty Horses,"$18,133,495",/releasegroup/gr308630021/?ref_=bo_ydw_table_121,"[{""Gross"":""$15,540,353"",""Market"":""Domestic"",""Release Date"":""Dec 25, 2000""},{""Gross"":""$59,147"",""Market"":""United Kingdom"",""Release Date"":""May 25, 2001""},{""Gross"":""$346,148"",""Market"":""Australia"",""Release Date"":""May 10, 2001""}]","[""Drama"",""Romance"",""Western""]"
122,Quills,"$17,989,227",/releasegroup/gr3830338053/?ref_=bo_ydw_table_122,"[{""Gross"":""$7,065,332"",""Market"":""Domestic"",""Release Date"":""Nov 24, 2000""},{""Gross"":""$39,093"",""Market"":""Czech Republic"",""Release Date"":""Feb 15, 2001""},{""Gross"":""$110,364"",""Market"":""Germany"",""Release Date"":""Mar 8, 2001""},{""Gross"":""$9,147"",""Market"":""Iceland"",""Release Date"":""Mar 2, 2001""},{""Gross"":""$727,673"",""Market"":""United Kingdom"",""Release Date"":""Jan 19, 2001""},{""Gross"":""$811,973"",""Market"":""Australia"",""Release Date"":""Mar 1, 2001""}]","[""Biography"",""Drama""]"
123,CyberWorld,"$16,653,900",/releasegroup/gr3497153029/?ref_=bo_ydw_table_123,"[{""Gross"":""$11,253,900"",""Market"":""Domestic"",""Release Date"":""Oct 6, 2000""},{""Gross"":""$1,569,456"",""Market"":""Australia"",""Release Date"":""Jun 28, 2001""}]","[""Animation"",""Short""]"
124,Digimon: The Movie,"$16,643,191",/releasegroup/gr1260147205/?ref_=bo_ydw_table_124,"[{""Gross"":""$9,631,153"",""Market"":""Domestic"",""Release Date"":""Oct 6, 2000""},{""Gross"":""$2,200,656"",""Market"":""Germany"",""Release Date"":""Mar 8, 2001""},{""Gross"":""$1,567,641"",""Market"":""United Kingdom"",""Release Date"":""Feb 16, 2001""}]","[""Action"",""Adventure"",""Animation"",""Family"",""Sci-Fi""]"
125,The Dish,"$16,575,074",/releasegroup/gr2984202757/?ref_=bo_ydw_table_125,"[{""Gross"":""$2,552,992"",""Market"":""Domestic"",""Release Date"":""Mar 16, 2001""},{""Gross"":""$5,574"",""Market"":""France"",""Release Date"":""May 1, 2002""},{""Gross"":""$2,765"",""Market"":""Italy"",""Release Date"":""Feb 7, 2003""},{""Gross"":""$1,397,028"",""Market"":""United Kingdom"",""Release Date"":""May 11, 2001""},{""Gross"":""$9,583,391"",""Market"":""Australia"",""Release Date"":""Oct 19, 2000""},{""Gross"":""$108"",""Market"":""New Zealand""},{""Gross"":""$3,439"",""Market"":""Taiwan"",""Release Date"":""Jan 5, 2002""}]","[""Comedy"",""Drama"",""History""]"
126,Italian for Beginners,"$16,349,568",/releasegroup/gr3220853253/?ref_=bo_ydw_table_126,"[{""Gross"":""$4,544,753"",""Market"":""Domestic"",""Release Date"":""Jan 18, 2002""},{""Gross"":""$96,822"",""Market"":""Austria"",""Release Date"":""Mar 8, 2002""},{""Gross"":""$5,293,229"",""Market"":""Denmark"",""Release Date"":""Dec 8, 2000""},{""Gross"":""$184,298"",""Market"":""France"",""Release Date"":""Dec 19, 2001""},{""Gross"":""$3,597,882"",""Market"":""Germany"",""Release Date"":""Jan 17, 2002""},{""Gross"":""$377,453"",""Market"":""Italy"",""Release Date"":""May 3, 2002""},{""Gross"":""$189,270"",""Market"":""Netherlands"",""Release Date"":""Nov 15, 2001""},{""Gross"":""$649,166"",""Market"":""Spain""},{""Gross"":""$203,555"",""Market"":""United Kingdom""},{""Gross"":""$181,796"",""Market"":""Argentina"",""Release Date"":""Apr 5, 2002""},{""Gross"":""$61,833"",""Market"":""Chile"",""Release Date"":""Nov 28, 2002""},{""Gross"":""$146,902"",""Market"":""Australia"",""Release Date"":""Jun 20, 2002""}]","[""Comedy"",""Drama"",""Romance""]"
127,Drowning Mona,"$15,906,764",/releasegroup/gr505696773/?ref_=bo_ydw_table_127,"[{""Gross"":""$15,506,764"",""Market"":""Domestic"",""Release Date"":""Mar 3, 2000""}]","[""Comedy"",""Crime"",""Mystery""]"
128,Highlander: Endgame,"$15,843,608",/releasegroup/gr7623173/?ref_=bo_ydw_table_128,"[{""Gross"":""$12,811,858"",""Market"":""Domestic"",""Release Date"":""Sep 1, 2000""},{""Gross"":""$51,420"",""Market"":""Austria"",""Release Date"":""Mar 9, 2001""},{""Gross"":""$350,112"",""Market"":""Germany"",""Release Date"":""Feb 8, 2001""},{""Gross"":""$140,478"",""Market"":""Australia"",""Release Date"":""Feb 15, 2001""}]","[""Action"",""Adventure"",""Fantasy"",""Sci-Fi""]"
129,Bait,"$15,471,969",/releasegroup/gr2387628549/?ref_=bo_ydw_table_129,"[{""Gross"":""$15,325,127"",""Market"":""Domestic"",""Release Date"":""Sep 15, 2000""}]","[""Action"",""Comedy"",""Crime"",""Thriller""]"
130,Supernova,"$14,828,081",/releasegroup/gr3121041925/?ref_=bo_ydw_table_130,"[{""Gross"":""$14,230,455"",""Market"":""Domestic"",""Release Date"":""Jan 14, 2000""}]","[""Horror"",""Sci-Fi"",""Thriller""]"
131,Malena,"$14,493,284",/releasegroup/gr906187269/?ref_=bo_ydw_table_131,"[{""Gross"":""$3,448,233"",""Market"":""Domestic"",""Release Date"":""Dec 22, 2000""},{""Gross"":""$22,938"",""Market"":""Austria"",""Release Date"":""Mar 9, 2001""},{""Gross"":""$1,565"",""Market"":""Czech Republic"",""Release Date"":""Aug 2, 2001""},{""Gross"":""$237,604"",""Market"":""Germany"",""Release Date"":""Mar 1, 2001""},{""Gross"":""$60,896"",""Market"":""United Kingdom"",""Release Date"":""Mar 16, 2001""},{""Gross"":""$134,091"",""Market"":""Australia"",""Release Date"":""Oct 25, 2001""},{""Gross"":""$180,000"",""Market"":""Russia/CIS""}]","[""Drama"",""Romance"",""War""]"
132,I Dreamed of Africa,"$14,400,327",/releasegroup/gr4030550533/?ref_=bo_ydw_table_132,"[{""Gross"":""$6,651,522"",""Market"":""Domestic"",""Release Date"":""May 5, 2000""}]","[""Adventure"",""Biography"",""Drama"",""Romance""]"
133,What Planet Are You From?,"$14,145,677",/releasegroup/gr1155551749/?ref_=bo_ydw_table_133,"[{""Gross"":""$6,291,602"",""Market"":""Domestic"",""Release Date"":""Mar 3, 2000""}]","[""Comedy"",""Sci-Fi""]"
134,The Ladies Man,"$13,743,212",/releasegroup/gr2431144453/?ref_=bo_ydw_table_134,"[{""Gross"":""$13,616,610"",""Market"":""Domestic"",""Release Date"":""Oct 13, 2000""},{""Gross"":""$10,815"",""Market"":""Germany"",""Release Date"":""Aug 30, 2001""},{""Gross"":""$17,087"",""Market"":""Australia"",""Release Date"":""Aug 2, 2001""}]","[""Comedy""]"
135,Solarmax,"$13,400,161",/releasegroup/gr2675921413/?ref_=bo_ydw_table_135,"[{""Gross"":""$13,400,161"",""Market"":""Domestic"",""Release Date"":""Sep 15, 2000""}]","[""Documentary"",""Short""]"
136,The Crew,"$13,105,853",/releasegroup/gr3962589701/?ref_=bo_ydw_table_136,"[{""Gross"":""$13,023,075"",""Market"":""Domestic"",""Release Date"":""Aug 25, 2000""}]","[""Comedy"",""Crime""]"
137,The Way of the Gun,"$13,069,740",/releasegroup/gr4177220101/?ref_=bo_ydw_table_137,"[{""Gross"":""$6,055,661"",""Market"":""Domestic"",""Release Date"":""Sep 8, 2000""},{""Gross"":""$43,115"",""Market"":""Australia"",""Release Date"":""May 17, 2001""}]","[""Action"",""Crime"",""Drama"",""Thriller""]"
138,In the Mood for Love,"$12,854,953",/releasegroup/gr650138117/?ref_=bo_ydw_table_138,"[{""Gross"":""$2,738,980"",""Market"":""Domestic"",""Release Date"":""Feb 2, 2001""},{""Gross"":""$19,745"",""Market"":""Portugal""},{""Gross"":""$117,119"",""Market"":""Australia""},{""Gross"":""$19,401"",""Market"":""South Korea"",""Release Date"":""Sep 29, 2000""},{""Gross"":""$60,260"",""Market"":""Taiwan""}]","[""Drama"",""Romance""]"
139,Gossip,"$12,591,270",/releasegroup/gr2456834565/?ref_=bo_ydw_table_139,"[{""Gross"":""$5,108,820"",""Market"":""Domestic"",""Release Date"":""Apr 21, 2000""}]","[""Drama"",""Mystery"",""Thriller""]"
140,Ready to Rumble,"$12,452,362",/releasegroup/gr2153665029/?ref_=bo_ydw_table_140,"[{""Gross"":""$12,394,327"",""Market"":""Domestic"",""Release Date"":""Apr 7, 2000""}]","[""Comedy"",""Sport""]"
141,Drunken Master II,"$11,555,430",/releasegroup/gr2805682693/?ref_=bo_ydw_table_141,"[{""Gross"":""$11,555,430"",""Market"":""Domestic"",""Release Date"":""Oct 20, 2000""}]","[""Action"",""Comedy""]"
142,You Can Count on Me,"$11,242,521",/releasegroup/gr2499432965/?ref_=bo_ydw_table_142,"[{""Gross"":""$9,416,804"",""Market"":""Domestic"",""Release Date"":""Nov 10, 2000""},{""Gross"":""$54,491"",""Market"":""Denmark"",""Release Date"":""Jun 22, 2001""},{""Gross"":""$245,333"",""Market"":""United Kingdom""},{""Gross"":""$527,948"",""Market"":""Australia"",""Release Date"":""Jul 5, 2001""},{""Gross"":""$15,360"",""Market"":""Hong Kong"",""Release Date"":""Sep 20, 2001""}]","[""Drama""]"
143,Shadow of the Vampire,"$11,155,214",/releasegroup/gr4183446021/?ref_=bo_ydw_table_143,"[{""Gross"":""$8,293,784"",""Market"":""Domestic"",""Release Date"":""Dec 29, 2000""},{""Gross"":""$3,043"",""Market"":""Czech Republic"",""Release Date"":""Apr 12, 2001""},{""Gross"":""$32,768"",""Market"":""Brazil"",""Release Date"":""Oct 12, 2001""},{""Gross"":""$239,052"",""Market"":""Australia"",""Release Date"":""Jan 25, 2001""}]","[""Drama"",""Horror""]"
144,Lucky Numbers,"$10,890,222",/releasegroup/gr3494466053/?ref_=bo_ydw_table_144,"[{""Gross"":""$10,042,516"",""Market"":""Domestic"",""Release Date"":""Oct 27, 2000""},{""Gross"":""$78,910"",""Market"":""Australia"",""Release Date"":""Feb 8, 2001""}]","[""Comedy"",""Crime""]"
145,Here on Earth,"$10,873,148",/releasegroup/gr3111604741/?ref_=bo_ydw_table_145,"[{""Gross"":""$10,522,168"",""Market"":""Domestic"",""Release Date"":""Mar 24, 2000""}]","[""Drama"",""Romance""]"
146,Pollock,"$10,558,970",/releasegroup/gr2263306757/?ref_=bo_ydw_table_146,"[{""Gross"":""$8,598,593"",""Market"":""Domestic"",""Release Date"":""Dec 15, 2000""}]","[""Biography"",""Drama""]"
147,Anatomy,"$10,501,958",/releasegroup/gr1623478789/?ref_=bo_ydw_table_147,"[{""Gross"":""$9,660"",""Market"":""Domestic"",""Release Date"":""Sep 8, 2000""},{""Gross"":""$10,492,298"",""Market"":""Germany"",""Release Date"":""Feb 3, 2000""}]","[""Horror"",""Thriller""]"
148,The Virgin Suicides,"$10,409,377",/releasegroup/gr3596636677/?ref_=bo_ydw_table_148,"[{""Gross"":""$4,906,229"",""Market"":""Domestic"",""Release Date"":""Apr 21, 2000""},{""Gross"":""$90,602"",""Market"":""Austria"",""Release Date"":""Jan 19, 2001""},{""Gross"":""$21,773"",""Market"":""United Kingdom"",""Release Date"":""Jul 28, 2023""},{""Gross"":"""",""Market"":""Australia""}]","[""Drama"",""Romance""]"
149,Woman on Top,"$10,194,274",/releasegroup/gr3624620549/?ref_=bo_ydw_table_149,"[{""Gross"":""$5,020,111"",""Market"":""Domestic"",""Release Date"":""Sep 22, 2000""},{""Gross"":""$92,637"",""Market"":""United Kingdom"",""Release Date"":""Jan 26, 2001""},{""Gross"":""$40,476"",""Market"":""Australia"",""Release Date"":""Feb 1, 2001""}]","[""Comedy"",""Fantasy"",""Romance""]"
150,Godzilla 2000,"$10,037,390",/releasegroup/gr3459076613/?ref_=bo_ydw_table_150,"[{""Gross"":""$10,037,390"",""Market"":""Domestic"",""Release Date"":""Aug 18, 2000""}]","[""Action"",""Adventure"",""Drama"",""Sci-Fi"",""Thriller""]"
151,Whatever It Takes,"$9,902,115",/releasegroup/gr1794855429/?ref_=bo_ydw_table_151,"[{""Gross"":""$8,745,680"",""Market"":""Domestic"",""Release Date"":""Mar 24, 2000""}]","[""Comedy"",""Drama"",""Romance""]"
152,"3 Strikes","$9,832,166",/releasegroup/gr3576254981/?ref_=bo_ydw_table_152,"[{""Gross"":""$9,832,166"",""Market"":""Domestic"",""Release Date"":""Mar 1, 2000""}]","[""Comedy""]"
153,Bread and Tulips,"$9,719,848",/releasegroup/gr174019077/?ref_=bo_ydw_table_153,"[{""Gross"":""$5,318,679"",""Market"":""Domestic"",""Release Date"":""Jul 27, 2001""},{""Gross"":""$137,909"",""Market"":""Austria"",""Release Date"":""Dec 22, 2000""},{""Gross"":""$3,751,983"",""Market"":""Germany"",""Release Date"":""Dec 21, 2000""},{""Gross"":""$116,037"",""Market"":""Mexico"",""Release Date"":""Oct 5, 2001""},{""Gross"":""$387,799"",""Market"":""Australia"",""Release Date"":""Jan 18, 2001""},{""Gross"":""$7,441"",""Market"":""Taiwan""}]","[""Comedy"",""Romance""]"
154,Ghost Dog: The Way of the Samurai,"$9,380,473",/releasegroup/gr2282574341/?ref_=bo_ydw_table_154,"[{""Gross"":""$3,308,029"",""Market"":""Domestic"",""Release Date"":""Mar 3, 2000""},{""Gross"":"""",""Market"":""Australia""}]","[""Crime"",""Drama""]"
155,State and Main,"$9,206,279",/releasegroup/gr3760935429/?ref_=bo_ydw_table_155,"[{""Gross"":""$6,944,471"",""Market"":""Domestic"",""Release Date"":""Dec 22, 2000""},{""Gross"":""$13,732"",""Market"":""Denmark"",""Release Date"":""Jul 6, 2001""},{""Gross"":""$323,801"",""Market"":""Italy"",""Release Date"":""May 31, 2002""},{""Gross"":""$117,939"",""Market"":""United Kingdom"",""Release Date"":""Feb 16, 2001""},{""Gross"":""$385,631"",""Market"":""Australia"",""Release Date"":""Jun 7, 2001""}]","[""Comedy"",""Drama""]"
156,Before Night Falls,"$8,527,517",/releasegroup/gr3102364165/?ref_=bo_ydw_table_156,"[{""Gross"":""$4,242,892"",""Market"":""Domestic"",""Release Date"":""Dec 22, 2000""},{""Gross"":""$15,933"",""Market"":""Czech Republic"",""Release Date"":""Jul 5, 2001""},{""Gross"":""$37,215"",""Market"":""Netherlands"",""Release Date"":""Feb 14, 2002""},{""Gross"":""$446,929"",""Market"":""United Kingdom""},{""Gross"":""$138,019"",""Market"":""Australia"",""Release Date"":""Sep 6, 2001""},{""Gross"":""$2,983"",""Market"":""South Korea"",""Release Date"":""Jun 21, 2002""}]","[""Biography"",""Drama"",""Romance""]"
157,Butterfly,"$7,733,894",/releasegroup/gr3389018629/?ref_=bo_ydw_table_157,"[{""Gross"":""$2,092,682"",""Market"":""Domestic"",""Release Date"":""Jun 16, 2000""}]","[""Drama"",""War""]"
158,Ants in the Pants,"$7,625,967",/releasegroup/gr2507428357/?ref_=bo_ydw_table_158,"[{""Gross"":""$7,476,698"",""Market"":""Germany"",""Release Date"":""Mar 30, 2000""}]","[""Comedy"",""Fantasy"",""Romance""]"
159,Requiem for a Dream,"$7,390,108",/releasegroup/gr166416901/?ref_=bo_ydw_table_159,"[{""Gross"":""$3,635,482"",""Market"":""Domestic"",""Release Date"":""Oct 6, 2000""},{""Gross"":""$52,474"",""Market"":""Netherlands"",""Release Date"":""Sep 13, 2001""},{""Gross"":""$84,189"",""Market"":""United Kingdom"",""Release Date"":""Jan 19, 2001""},{""Gross"":""$643,512"",""Market"":""Mexico"",""Release Date"":""Sep 7, 2001""},{""Gross"":""$164,762"",""Market"":""Australia"",""Release Date"":""Feb 8, 2001""},{""Gross"":""$180,223"",""Market"":""Taiwan""}]","[""Drama""]"
160,Where the Money Is,"$7,243,669",/releasegroup/gr1581797893/?ref_=bo_ydw_table_160,"[{""Gross"":""$5,661,798"",""Market"":""Domestic"",""Release Date"":""Apr 14, 2000""},{""Gross"":""$9,128"",""Market"":""Australia"",""Release Date"":""Feb 8, 2001""}]","[""Comedy"",""Crime"",""Drama""]"
161,Screwed,"$7,201,701",/releasegroup/gr3611120133/?ref_=bo_ydw_table_161,"[{""Gross"":""$7,027,345"",""Market"":""Domestic"",""Release Date"":""May 12, 2000""}]","[""Comedy"",""Crime""]"
162,Widow of St. Pierre,"$7,193,889",/releasegroup/gr3285602821/?ref_=bo_ydw_table_162,"[{""Gross"":""$3,193,889"",""Market"":""Domestic"",""Release Date"":""Mar 2, 2001""},{""Gross"":""$126,351"",""Market"":""Australia"",""Release Date"":""Oct 12, 2000""}]","[""Drama"",""History"",""Romance""]"
163,Croupier,"$7,075,068",/releasegroup/gr2167165445/?ref_=bo_ydw_table_163,"[{""Gross"":""$6,201,143"",""Market"":""Domestic"",""Release Date"":""Apr 21, 2000""},{""Gross"":""$434,394"",""Market"":""United Kingdom""},{""Gross"":""$127,295"",""Market"":""Australia"",""Release Date"":""Apr 12, 2001""}]","[""Crime"",""Drama""]"
164,Duets,"$6,620,242",/releasegroup/gr3136770565/?ref_=bo_ydw_table_164,"[{""Gross"":""$4,739,023"",""Market"":""Domestic"",""Release Date"":""Sep 15, 2000""},{""Gross"":""$20,509"",""Market"":""Austria"",""Release Date"":""Jul 13, 2001""},{""Gross"":""$831,864"",""Market"":""Australia"",""Release Date"":""Feb 8, 2001""}]","[""Comedy"",""Drama"",""Music"",""Romance""]"
165,Now or Never,"$5,995,963",/releasegroup/gr1578455557/?ref_=bo_ydw_table_165,"[{""Gross"":""$5,995,963"",""Market"":""Germany"",""Release Date"":""Dec 14, 2000""}]","[""Comedy"",""Crime"",""Thriller""]"
166,Black & White,"$5,541,431",/releasegroup/gr3837874693/?ref_=bo_ydw_table_166,"[{""Gross"":""$5,277,299"",""Market"":""Domestic"",""Release Date"":""Apr 7, 2000""}]","[""Crime"",""Drama"",""Music""]"
167,The in Crowd,"$5,280,035",/releasegroup/gr2716750341/?ref_=bo_ydw_table_167,"[{""Gross"":""$5,280,035"",""Market"":""Domestic"",""Release Date"":""Jul 21, 2000""}]","[""Drama"",""Mystery"",""Thriller""]"
168,The House of Mirth,"$5,164,404",/releasegroup/gr2834125317/?ref_=bo_ydw_table_168,"[{""Gross"":""$3,043,284"",""Market"":""Domestic"",""Release Date"":""Dec 22, 2000""},{""Gross"":""$45,141"",""Market"":""Spain"",""Release Date"":""Feb 1, 2002""},{""Gross"":""$230,121"",""Market"":""Australia"",""Release Date"":""Jun 14, 2001""}]","[""Drama"",""Romance""]"
169,Otto - Der Katastrofenfilm,"$5,058,355",/releasegroup/gr1241141765/?ref_=bo_ydw_table_169,"[{""Gross"":""$5,058,355"",""Market"":""Germany"",""Release Date"":""Mar 23, 2000""}]","[""Comedy""]"
170,Whipped,"$4,775,009",/releasegroup/gr476271109/?ref_=bo_ydw_table_170,"[{""Gross"":""$4,159,986"",""Market"":""Domestic"",""Release Date"":""Sep 1, 2000""},{""Gross"":""$66,813"",""Market"":""Spain"",""Release Date"":""Feb 22, 2002""},{""Gross"":""$58,672"",""Market"":""United Kingdom"",""Release Date"":""Jul 13, 2001""}]","[""Comedy"",""Romance""]"
171,Held Up,"$4,705,631",/releasegroup/gr2100187653/?ref_=bo_ydw_table_171,"[{""Gross"":""$4,705,631"",""Market"":""Domestic"",""Release Date"":""May 12, 2000""}]","[""Comedy""]"
172,The Jungle Book 2000 Re-release,"$4,466,472",/releasegroup/gr2288734725/?ref_=bo_ydw_table_172,"[{""Gross"":""$423,726"",""Market"":""Austria"",""Release Date"":""Dec 15, 2000""},{""Gross"":""$4,042,746"",""Market"":""Germany"",""Release Date"":""Dec 14, 2000""}]","[""Adventure"",""Animation"",""Comedy"",""Family"",""Musical""]"
173,The Tao of Steve,"$4,406,030",/releasegroup/gr2003784197/?ref_=bo_ydw_table_173,"[{""Gross"":""$4,342,203"",""Market"":""Domestic"",""Release Date"":""Aug 4, 2000""}]","[""Comedy"",""Drama"",""Romance""]"
174,Mohabbatein,"$4,279,351",/releasegroup/gr1732399621/?ref_=bo_ydw_table_174,"[{""Gross"":""$1,070,000"",""Market"":""Domestic"",""Release Date"":""Oct 27, 2000""}]","[""Drama"",""Musical"",""Romance""]"
175,East Is East,"$4,177,818",/releasegroup/gr2015580677/?ref_=bo_ydw_table_175,"[{""Gross"":""$4,177,818"",""Market"":""Domestic"",""Release Date"":""Apr 14, 2000""}]","[""Comedy"",""Drama""]"
176,Bossa Nova,"$4,069,261",/releasegroup/gr4158083589/?ref_=bo_ydw_table_176,"[{""Gross"":""$1,823,297"",""Market"":""Domestic"",""Release Date"":""Apr 28, 2000""}]","[""Comedy"",""Drama"",""Romance""]"
177,Erkan & Stefan,"$4,026,949",/releasegroup/gr1474318853/?ref_=bo_ydw_table_177,"[{""Gross"":""$4,026,949"",""Market"":""Germany"",""Release Date"":""Apr 27, 2000""}]","[""Comedy""]"
178,Pettson & Findus - Katten och gubbens år,"$3,920,489",/releasegroup/gr2541048325/?ref_=bo_ydw_table_178,"[{""Gross"":""$3,920,489"",""Market"":""Germany"",""Release Date"":""Jan 4, 2000""}]","[""Adventure"",""Animation"",""Family""]"
179,Up at the Villa,"$3,740,113",/releasegroup/gr4286009861/?ref_=bo_ydw_table_179,"[{""Gross"":""$2,933,161"",""Market"":""Domestic"",""Release Date"":""May 5, 2000""}]","[""Drama"",""Romance""]"
180,The Big Kahuna,"$3,728,888",/releasegroup/gr3658633733/?ref_=bo_ydw_table_180,"[{""Gross"":""$3,165,544"",""Market"":""Domestic"",""Release Date"":""Apr 28, 2000""}]","[""Comedy"",""Drama""]"
181,Price of Glory,"$3,548,556",/releasegroup/gr1892176389/?ref_=bo_ydw_table_181,"[{""Gross"":""$3,440,228"",""Market"":""Domestic"",""Release Date"":""Mar 31, 2000""}]","[""Drama"",""Sport""]"
182,Gun Shy,"$3,221,280",/releasegroup/gr1187926533/?ref_=bo_ydw_table_182,"[{""Gross"":""$1,638,202"",""Market"":""Domestic"",""Release Date"":""Feb 4, 2000""}]","[""Comedy"",""Crime"",""Romance""]"
183,Beautiful,"$3,169,930",/releasegroup/gr2783465989/?ref_=bo_ydw_table_183,"[{""Gross"":""$3,157,348"",""Market"":""Domestic"",""Release Date"":""Sep 29, 2000""}]","[""Comedy"",""Drama""]"
184,Isn't She Great,"$3,003,296",/releasegroup/gr1613910533/?ref_=bo_ydw_table_184,"[{""Gross"":""$2,962,465"",""Market"":""Domestic"",""Release Date"":""Jan 28, 2000""}]","[""Biography"",""Comedy"",""Drama"",""Romance""]"
185,No More School,"$2,870,533",/releasegroup/gr1094603269/?ref_=bo_ydw_table_185,"[{""Gross"":""$2,870,533"",""Market"":""Germany"",""Release Date"":""Dec 7, 2000""}]","[""Comedy"",""Drama""]"
186,Flickering Lights,"$2,760,019",/releasegroup/gr2236436997/?ref_=bo_ydw_table_186,"[{""Gross"":""$4,259"",""Market"":""Czech Republic"",""Release Date"":""Oct 25, 2001""},{""Gross"":""$2,755,702"",""Market"":""Denmark"",""Release Date"":""Nov 3, 2000""}]","[""Action"",""Comedy"",""Crime""]"
187,The Color of Paradise,"$2,724,595",/releasegroup/gr661279237/?ref_=bo_ydw_table_187,"[{""Gross"":""$1,817,216"",""Market"":""Domestic"",""Release Date"":""Mar 31, 2000""}]","[""Drama"",""Family""]"
188,God's Army,"$2,637,726",/releasegroup/gr885805573/?ref_=bo_ydw_table_188,"[{""Gross"":""$2,637,726"",""Market"":""Domestic"",""Release Date"":""Mar 10, 2000""}]","[""Drama""]"
189,But I'm a Cheerleader,"$2,595,216",/releasegroup/gr1191793157/?ref_=bo_ydw_table_189,"[{""Gross"":""$2,205,627"",""Market"":""Domestic"",""Release Date"":""Jul 7, 2000""},{""Gross"":"""",""Market"":""Australia""}]","[""Comedy"",""Drama"",""Romance""]"
190,Bamboozled,"$2,463,650",/releasegroup/gr4077212165/?ref_=bo_ydw_table_190,"[{""Gross"":""$2,274,979"",""Market"":""Domestic"",""Release Date"":""Oct 6, 2000""}]","[""Comedy"",""Drama"",""Music""]"
191,East/West,"$2,321,029",/releasegroup/gr4231483909/?ref_=bo_ydw_table_191,"[{""Gross"":""$2,321,029"",""Market"":""Domestic"",""Release Date"":""Apr 7, 2000""}]","[""Adventure"",""Drama"",""History"",""Romance""]"
192,Shower,"$2,150,929",/releasegroup/gr2638893573/?ref_=bo_ydw_table_192,"[{""Gross"":""$1,157,764"",""Market"":""Domestic"",""Release Date"":""Jul 7, 2000""}]","[""Comedy"",""Drama""]"
193,Left Luggage,"$2,111,280",/releasegroup/gr1346851333/?ref_=bo_ydw_table_193,"[{""Gross"":""$1,069,540"",""Market"":""Domestic"",""Release Date"":""Sep 22, 2000""}]","[""Drama""]"
194,Blood Simple 2000 Re-release,"$2,068,701",/releasegroup/gr4224012805/?ref_=bo_ydw_table_194,"[{""Gross"":""$1,701,855"",""Market"":""Domestic"",""Release Date"":""Jul 7, 2000""}]","[""Crime"",""Drama"",""Thriller""]"
195,Marlene,"$2,061,924",/releasegroup/gr2393461253/?ref_=bo_ydw_table_195,"[{""Gross"":""$2,061,924"",""Market"":""Germany"",""Release Date"":""Mar 9, 2000""}]","[""Biography"",""Drama"",""Music""]"
196,Hamlet,"$2,046,433",/releasegroup/gr1381716485/?ref_=bo_ydw_table_196,"[{""Gross"":""$1,577,287"",""Market"":""Domestic"",""Release Date"":""May 12, 2000""}]","[""Drama"",""Romance"",""Thriller""]"
197,The Broken Hearts Club: A Romantic Comedy,"$2,019,121",/releasegroup/gr69227013/?ref_=bo_ydw_table_197,"[{""Gross"":""$1,746,585"",""Market"":""Domestic"",""Release Date"":""Sep 29, 2000""},{""Gross"":""$7,349"",""Market"":""Australia"",""Release Date"":""Apr 5, 2001""}]","[""Comedy"",""Drama"",""Romance"",""Sport""]"
198,Cecil B. Demented,"$1,961,544",/releasegroup/gr2833469957/?ref_=bo_ydw_table_198,"[{""Gross"":""$1,284,646"",""Market"":""Domestic"",""Release Date"":""Aug 11, 2000""},{""Gross"":"""",""Market"":""Australia""}]","[""Comedy"",""Crime"",""Thriller""]"
199,The Life and Times of Hank Greenberg,"$1,712,385",/releasegroup/gr2311148037/?ref_=bo_ydw_table_199,"[{""Gross"":""$1,712,385"",""Market"":""Domestic"",""Release Date"":""Jan 12, 2000""}]","[""Biography"",""Documentary"",""Sport""]"
200,The Girl on the Bridge,"$1,708,839",/releasegroup/gr2731954693/?ref_=bo_ydw_table_200,"[{""Gross"":""$1,708,839"",""Market"":""Domestic"",""Release Date"":""Jul 28, 2000""}]","[""Crime"",""Drama""]"
